temperature,humidity,rainfall,pressure,wind_speed,rainfall_3h,rainfall_6h,rainfall_12h,rainfall_24h,hour,day_of_week,month,latitude,longitude,rainfall_next_1h
29.1,74,0.1,954.9,5.2,0.1,0.2,1.8,1.9,23,2,7,26.9124,75.7873,4.6
26.5,93,4.6,954.8,7.4,4.7,4.7,6.2,6.5,0,3,7,26.9124,75.7873,1.5
25.5,94,1.5,954.0,11.1,6.2,6.2,7.6,8.0,1,3,7,26.9124,75.7873,1.4
25.4,94,1.4,953.7,7.4,7.5,7.6,8.9,9.4,2,3,7,26.9124,75.7873,1.9
24.9,96,1.9,954.0,6.3,4.8,9.5,10.0,11.3,3,3,7,26.9124,75.7873,1.7
24.4,96,1.7,953.6,9.5,5.0,11.2,11.4,13.0,4,3,7,26.9124,75.7873,0.9
26.3,86,0.9,953.4,2.2,4.5,12.0,12.2,13.9,5,3,7,26.9124,75.7873,0.4
26.4,87,0.4,953.7,1.4,3.0,7.8,12.5,14.3,6,3,7,26.9124,75.7873,0.1
26.7,86,0.1,954.2,3.7,1.4,6.4,12.6,14.4,7,3,7,26.9124,75.7873,0.0
27.4,80,0.0,954.7,3.0,0.5,5.0,12.6,14.4,8,3,7,26.9124,75.7873,0.0
29.1,71,0.0,955.3,2.8,0.1,3.1,12.6,14.4,9,3,7,26.9124,75.7873,0.0
29.3,71,0.0,955.7,3.6,0.0,1.4,12.6,14.4,10,3,7,26.9124,75.7873,0.2
31.6,61,0.2,955.8,4.1,0.2,0.7,12.7,14.5,11,3,7,26.9124,75.7873,0.1
32.4,60,0.1,955.4,3.9,0.3,0.4,8.2,14.4,12,3,7,26.9124,75.7873,0.0
31.7,61,0.0,954.6,3.6,0.3,0.3,6.7,14.3,13,3,7,26.9124,75.7873,0.0
33.1,57,0.0,953.5,2.6,0.1,0.3,5.3,14.2,14,3,7,26.9124,75.7873,0.0
33.6,56,0.0,952.8,2.9,0.0,0.3,3.4,13.4,15,3,7,26.9124,75.7873,0.0
33.8,55,0.0,952.2,2.8,0.0,0.3,1.7,13.1,16,3,7,26.9124,75.7873,0.2
33.0,59,0.2,952.0,6.5,0.2,0.3,1.0,13.2,17,3,7,26.9124,75.7873,0.0
32.4,62,0.0,952.0,4.7,0.2,0.2,0.6,13.1,18,3,7,26.9124,75.7873,0.0
31.2,71,0.0,952.4,5.9,0.2,0.2,0.5,13.1,19,3,7,26.9124,75.7873,0.0
30.5,73,0.0,952.9,6.6,0.0,0.2,0.5,13.1,20,3,7,26.9124,75.7873,0.0
30.0,75,0.0,953.7,7.9,0.0,0.2,0.5,13.1,21,3,7,26.9124,75.7873,0.0
29.5,76,0.0,954.3,8.9,0.0,0.2,0.5,13.1,22,3,7,26.9124,75.7873,4.8
26.5,89,4.8,955.9,20.4,4.8,4.8,5.1,17.8,23,3,7,26.9124,75.7873,2.5
25.4,96,2.5,954.9,2.4,7.3,7.3,7.5,15.7,0,4,7,26.9124,75.7873,1.6
25.6,96,1.6,954.2,3.6,8.9,8.9,9.1,15.8,1,4,7,26.9124,75.7873,0.5
25.6,97,0.5,953.9,4.1,4.6,9.4,9.6,14.9,2,4,7,26.9124,75.7873,0.0
25.6,96,0.0,953.4,4.2,2.1,9.4,9.6,13.0,3,4,7,26.9124,75.7873,0.0
25.6,97,0.0,953.2,7.6,0.5,9.4,9.6,11.3,4,4,7,26.9124,75.7873,0.0
26.0,95,0.0,954.0,8.0,0.0,4.6,9.4,10.4,5,4,7,26.9124,75.7873,0.0
26.0,89,0.0,954.2,7.9,0.0,2.1,9.4,10.0,6,4,7,26.9124,75.7873,0.0
26.4,86,0.0,954.7,6.7,0.0,0.5,9.4,9.9,7,4,7,26.9124,75.7873,0.0
28.3,78,0.0,955.0,9.1,0.0,0.0,9.4,9.9,8,4,7,26.9124,75.7873,0.0
29.9,70,0.0,955.3,11.3,0.0,0.0,9.4,9.9,9,4,7,26.9124,75.7873,0.0
31.0,64,0.0,955.3,11.3,0.0,0.0,9.4,9.9,10,4,7,26.9124,75.7873,0.0
32.0,62,0.0,955.2,5.2,0.0,0.0,4.6,9.7,11,4,7,26.9124,75.7873,0.0
32.5,60,0.0,954.7,3.2,0.0,0.0,2.1,9.6,12,4,7,26.9124,75.7873,0.0
33.1,57,0.0,954.1,2.7,0.0,0.0,0.5,9.6,13,4,7,26.9124,75.7873,0.0
33.2,56,0.0,953.1,4.6,0.0,0.0,0.0,9.6,14,4,7,26.9124,75.7873,0.0
33.4,56,0.0,952.6,5.7,0.0,0.0,0.0,9.6,15,4,7,26.9124,75.7873,0.0
33.3,57,0.0,951.9,5.6,0.0,0.0,0.0,9.6,16,4,7,26.9124,75.7873,0.7
32.7,58,0.7,951.0,4.9,0.7,0.7,0.7,10.1,17,4,7,26.9124,75.7873,0.0
31.2,69,0.0,951.4,5.5,0.7,0.7,0.7,10.1,18,4,7,26.9124,75.7873,0.1
28.9,82,0.1,952.1,4.7,0.8,0.8,0.8,10.2,19,4,7,26.9124,75.7873,0.1
28.3,86,0.1,952.4,3.2,0.2,0.9,0.9,10.3,20,4,7,26.9124,75.7873,0.1
28.4,84,0.1,953.0,5.5,0.3,1.0,1.0,10.4,21,4,7,26.9124,75.7873,0.0
28.4,84,0.0,953.1,3.9,0.2,1.0,1.0,10.4,22,4,7,26.9124,75.7873,0.6
28.7,85,0.6,953.3,3.5,0.7,0.9,1.6,6.2,23,4,7,26.9124,75.7873,0.0
28.3,87,0.0,953.1,3.8,0.6,0.9,1.6,3.7,0,5,7,26.9124,75.7873,0.0
28.0,87,0.0,952.8,4.4,0.6,0.8,1.6,2.1,1,5,7,26.9124,75.7873,0.0
27.5,88,0.0,952.5,5.0,0.0,0.7,1.6,1.6,2,5,7,26.9124,75.7873,0.0
27.3,87,0.0,952.5,6.0,0.0,0.6,1.6,1.6,3,5,7,26.9124,75.7873,0.0
27.0,86,0.0,952.5,7.1,0.0,0.6,1.6,1.6,4,5,7,26.9124,75.7873,0.0
27.2,89,0.0,952.4,3.7,0.0,0.0,0.9,1.6,5,5,7,26.9124,75.7873,0.0
27.5,87,0.0,953.2,3.7,0.0,0.0,0.9,1.6,6,5,7,26.9124,75.7873,0.0
28.2,80,0.0,953.6,3.0,0.0,0.0,0.8,1.6,7,5,7,26.9124,75.7873,0.2
28.4,79,0.2,954.0,7.3,0.2,0.2,0.9,1.8,8,5,7,26.9124,75.7873,0.0
28.5,79,0.0,953.4,7.3,0.2,0.2,0.8,1.8,9,5,7,26.9124,75.7873,0.1
30.1,71,0.1,953.2,3.1,0.3,0.3,0.9,1.9,10,5,7,26.9124,75.7873,0.0
31.1,66,0.0,953.2,3.2,0.1,0.3,0.3,1.9,11,5,7,26.9124,75.7873,0.0
32.1,63,0.0,953.0,3.3,0.1,0.3,0.3,1.9,12,5,7,26.9124,75.7873,0.0
32.6,61,0.0,952.3,2.7,0.0,0.3,0.3,1.9,13,5,7,26.9124,75.7873,0.0
33.3,58,0.0,951.3,2.7,0.0,0.1,0.3,1.9,14,5,7,26.9124,75.7873,0.0
33.3,57,0.0,950.4,5.1,0.0,0.1,0.3,1.9,15,5,7,26.9124,75.7873,0.0
33.3,56,0.0,949.7,4.8,0.0,0.0,0.3,1.9,16,5,7,26.9124,75.7873,0.0
32.7,58,0.0,950.0,3.4,0.0,0.0,0.3,1.2,17,5,7,26.9124,75.7873,0.0
32.7,58,0.0,949.9,2.1,0.0,0.0,0.3,1.2,18,5,7,26.9124,75.7873,0.0
31.3,69,0.0,950.0,4.2,0.0,0.0,0.3,1.1,19,5,7,26.9124,75.7873,0.0
30.4,74,0.0,950.7,5.2,0.0,0.0,0.1,1.0,20,5,7,26.9124,75.7873,0.0
29.7,77,0.0,951.2,4.2,0.0,0.0,0.1,0.9,21,5,7,26.9124,75.7873,0.0
29.3,78,0.0,951.7,4.3,0.0,0.0,0.0,0.9,22,5,7,26.9124,75.7873,0.0
29.8,81,0.0,951.2,1.2,0.0,0.0,0.0,0.3,23,5,7,26.9124,75.7873,0.0
29.4,81,0.0,951.3,1.9,0.0,0.0,0.0,0.3,0,6,7,26.9124,75.7873,0.0
29.1,83,0.0,951.1,2.5,0.0,0.0,0.0,0.3,1,6,7,26.9124,75.7873,0.0
28.9,84,0.0,950.8,2.7,0.0,0.0,0.0,0.3,2,6,7,26.9124,75.7873,0.0
28.6,85,0.0,950.6,4.2,0.0,0.0,0.0,0.3,3,6,7,26.9124,75.7873,0.0
28.4,85,0.0,950.5,4.5,0.0,0.0,0.0,0.3,4,6,7,26.9124,75.7873,0.0
28.4,87,0.0,950.8,4.1,0.0,0.0,0.0,0.3,5,6,7,26.9124,75.7873,0.0
28.6,86,0.0,951.3,3.6,0.0,0.0,0.0,0.3,6,6,7,26.9124,75.7873,0.0
29.6,80,0.0,952.2,6.7,0.0,0.0,0.0,0.3,7,6,7,26.9124,75.7873,0.0
31.2,69,0.0,952.5,6.0,0.0,0.0,0.0,0.1,8,6,7,26.9124,75.7873,0.0
32.7,62,0.0,952.6,3.9,0.0,0.0,0.0,0.1,9,6,7,26.9124,75.7873,0.1
33.4,58,0.1,952.5,4.2,0.1,0.1,0.1,0.1,10,6,7,26.9124,75.7873,0.2
32.1,62,0.2,952.3,9.2,0.3,0.3,0.3,0.3,11,6,7,26.9124,75.7873,0.4
33.0,61,0.4,952.0,3.0,0.7,0.7,0.7,0.7,12,6,7,26.9124,75.7873,0.1
34.2,54,0.1,951.1,4.2,0.7,0.8,0.8,0.8,13,6,7,26.9124,75.7873,0.1
34.5,52,0.1,950.8,3.3,0.6,0.9,0.9,0.9,14,6,7,26.9124,75.7873,0.0
34.9,52,0.0,950.3,4.2,0.2,0.9,0.9,0.9,15,6,7,26.9124,75.7873,0.6
34.6,52,0.6,949.8,5.6,0.7,1.4,1.5,1.5,16,6,7,26.9124,75.7873,0.2
34.9,53,0.2,949.0,6.2,0.8,1.4,1.7,1.7,17,6,7,26.9124,75.7873,0.0
33.4,63,0.0,949.2,7.3,0.8,1.0,1.7,1.7,18,6,7,26.9124,75.7873,0.8
29.8,86,0.8,950.2,5.0,1.0,1.7,2.5,2.5,19,6,7,26.9124,75.7873,0.5
28.4,93,0.5,950.9,7.1,1.3,2.1,3.0,3.0,20,6,7,26.9124,75.7873,2.2
26.9,97,2.2,952.8,8.1,3.5,4.3,5.2,5.2,21,6,7,26.9124,75.7873,4.3
26.8,96,4.3,953.7,2.7,7.0,8.0,9.4,9.5,22,6,7,26.9124,75.7873,3.2
26.1,96,3.2,952.5,13.3,9.7,11.0,12.4,12.7,23,6,7,26.9124,75.7873,1.2
26.0,96,1.2,952.4,5.4,8.7,12.2,13.2,13.9,0,0,7,26.9124,75.7873,0.5
26.1,96,0.5,951.7,4.0,4.9,11.9,13.6,14.4,1,0,7,26.9124,75.7873,0.0
26.1,96,0.0,951.2,4.5,1.7,11.4,13.5,14.4,2,0,7,26.9124,75.7873,0.0
26.3,95,0.0,950.8,1.5,0.5,9.2,13.5,14.4,3,0,7,26.9124,75.7873,0.0
26.1,95,0.0,950.9,5.1,0.0,4.9,12.9,14.4,4,0,7,26.9124,75.7873,0.0
27.2,85,0.0,950.8,5.3,0.0,1.7,12.7,14.4,5,0,7,26.9124,75.7873,0.0
27.3,86,0.0,951.2,4.0,0.0,0.5,12.7,14.4,6,0,7,26.9124,75.7873,0.0
28.4,82,0.0,952.0,2.7,0.0,0.0,11.9,14.4,7,0,7,26.9124,75.7873,0.0
29.5,78,0.0,952.5,2.3,0.0,0.0,11.4,14.4,8,0,7,26.9124,75.7873,0.0
30.7,74,0.0,953.1,2.8,0.0,0.0,9.2,14.4,9,0,7,26.9124,75.7873,0.0
31.7,68,0.0,953.2,4.6,0.0,0.0,4.9,14.3,10,0,7,26.9124,75.7873,0.1
32.0,66,0.1,953.0,3.9,0.1,0.1,1.8,14.2,11,0,7,26.9124,75.7873,0.0
33.7,60,0.0,952.2,4.3,0.1,0.1,0.6,13.8,12,0,7,26.9124,75.7873,0.0
34.4,57,0.0,951.7,5.0,0.1,0.1,0.1,13.7,13,0,7,26.9124,75.7873,0.0
34.7,56,0.0,951.0,3.8,0.0,0.1,0.1,13.6,14,0,7,26.9124,75.7873,0.0
34.8,54,0.0,950.5,4.0,0.0,0.1,0.1,13.6,15,0,7,26.9124,75.7873,0.0
34.6,55,0.0,949.8,5.2,0.0,0.1,0.1,13.0,16,0,7,26.9124,75.7873,0.2
33.7,53,0.2,949.8,1.3,0.2,0.2,0.3,13.0,17,0,7,26.9124,75.7873,0.1
32.9,62,0.1,950.0,2.0,0.3,0.3,0.4,13.1,18,0,7,26.9124,75.7873,0.0
31.2,72,0.0,950.1,4.0,0.3,0.3,0.4,12.3,19,0,7,26.9124,75.7873,0.0
30.5,76,0.0,950.7,4.3,0.1,0.3,0.4,11.8,20,0,7,26.9124,75.7873,0.0
29.9,79,0.0,951.4,6.1,0.0,0.3,0.4,9.6,21,0,7,26.9124,75.7873,0.0
29.5,79,0.0,951.7,5.6,0.0,0.3,0.4,5.3,22,0,7,26.9124,75.7873,0.0
29.4,81,0.0,951.8,4.3,0.0,0.1,0.3,2.1,23,0,7,26.9124,75.7873,0.0
28.9,82,0.0,951.9,3.5,0.0,0.0,0.3,0.9,0,1,7,26.9124,75.7873,0.0
28.6,81,0.0,951.4,2.8,0.0,0.0,0.3,0.4,1,1,7,26.9124,75.7873,0.0
28.1,83,0.0,951.6,3.1,0.0,0.0,0.3,0.4,2,1,7,26.9124,75.7873,0.2
27.3,88,0.2,950.9,4.2,0.2,0.2,0.5,0.6,3,1,7,26.9124,75.7873,0.0
27.2,90,0.0,950.9,3.5,0.2,0.2,0.5,0.6,4,1,7,26.9124,75.7873,0.0
28.5,89,0.0,951.1,2.4,0.2,0.2,0.3,0.6,5,1,7,26.9124,75.7873,0.4
27.5,91,0.4,951.6,7.4,0.4,0.6,0.6,1.0,6,1,7,26.9124,75.7873,0.1
27.6,90,0.1,952.6,6.8,0.5,0.7,0.7,1.1,7,1,7,26.9124,75.7873,0.1
28.7,83,0.1,952.6,9.2,0.6,0.8,0.8,1.2,8,1,7,26.9124,75.7873,1.2
26.9,95,1.2,952.8,9.6,1.4,1.8,2.0,2.4,9,1,7,26.9124,75.7873,0.6
28.3,86,0.6,952.9,7.5,1.9,2.4,2.6,3.0,10,1,7,26.9124,75.7873,0.1
29.5,76,0.1,952.9,8.9,1.9,2.5,2.7,3.0,11,1,7,26.9124,75.7873,0.3
30.8,71,0.3,952.4,8.7,1.0,2.4,3.0,3.3,12,1,7,26.9124,75.7873,0.0
32.5,63,0.0,951.2,6.3,0.4,2.3,3.0,3.3,13,1,7,26.9124,75.7873,0.0
33.4,55,0.0,950.5,6.3,0.3,2.2,3.0,3.3,14,1,7,26.9124,75.7873,0.0
33.8,54,0.0,949.9,5.8,0.0,1.0,2.8,3.3,15,1,7,26.9124,75.7873,0.0
33.5,55,0.0,949.5,6.1,0.0,0.4,2.8,3.3,16,1,7,26.9124,75.7873,0.0
31.1,65,0.0,949.5,7.5,0.0,0.3,2.8,3.1,17,1,7,26.9124,75.7873,0.4
29.2,77,0.4,949.9,7.1,0.4,0.4,2.8,3.4,18,1,7,26.9124,75.7873,0.0
28.9,77,0.0,950.3,4.9,0.4,0.4,2.7,3.4,19,1,7,26.9124,75.7873,0.1
28.5,80,0.1,951.1,4.2,0.5,0.5,2.7,3.5,20,1,7,26.9124,75.7873,0.1
27.9,84,0.1,951.8,4.2,0.2,0.6,1.6,3.6,21,1,7,26.9124,75.7873,0.0
27.6,85,0.0,951.9,4.0,0.2,0.6,1.0,3.6,22,1,7,26.9124,75.7873,0.0
27.1,80,0.0,951.8,1.5,0.1,0.6,0.9,3.6,23,1,7,26.9124,75.7873,0.1
26.7,83,0.1,951.3,3.1,0.1,0.3,0.7,3.7,0,2,7,26.9124,75.7873,1.9
25.3,93,1.9,951.1,6.4,2.0,2.2,2.6,5.6,1,2,7,26.9124,75.7873,1.0
25.5,95,1.0,950.1,5.4,3.0,3.1,3.6,6.6,2,2,7,26.9124,75.7873,0.0
25.5,94,0.0,949.8,8.0,2.9,3.0,3.6,6.4,3,2,7,26.9124,75.7873,0.0
25.5,93,0.0,949.9,8.8,1.0,3.0,3.6,6.4,4,2,7,26.9124,75.7873,0.0
26.4,90,0.0,949.7,5.7,0.0,3.0,3.6,6.4,5,2,7,26.9124,75.7873,0.0
26.6,89,0.0,950.0,6.0,0.0,2.9,3.2,6.0,6,2,7,26.9124,75.7873,0.0
27.5,83,0.0,950.4,8.2,0.0,1.0,3.2,5.9,7,2,7,26.9124,75.7873,0.0
28.7,76,0.0,950.8,9.6,0.0,0.0,3.1,5.8,8,2,7,26.9124,75.7873,0.1
29.6,70,0.1,950.9,11.3,0.1,0.1,3.1,4.7,9,2,7,26.9124,75.7873,0.1
30.0,68,0.1,951.1,13.1,0.2,0.2,3.2,4.2,10,2,7,26.9124,75.7873,0.3
31.3,58,0.3,951.0,12.1,0.5,0.5,3.5,4.4,11,2,7,26.9124,75.7873,0.4
32.1,57,0.4,950.6,13.3,0.8,0.9,3.8,4.5,12,2,7,26.9124,75.7873,0.3
32.0,57,0.3,950.1,13.8,1.0,1.2,2.2,4.8,13,2,7,26.9124,75.7873,0.0
31.6,60,0.0,949.5,12.2,0.7,1.2,1.2,4.8,14,2,7,26.9124,75.7873,0.0
31.7,59,0.0,949.2,12.1,0.3,1.1,1.2,4.8,15,2,7,26.9124,75.7873,0.0
31.3,62,0.0,948.6,9.7,0.0,1.0,1.2,4.8,16,2,7,26.9124,75.7873,0.0
29.5,75,0.0,948.7,7.6,0.0,0.7,1.2,4.8,17,2,7,26.9124,75.7873,0.0
29.5,75,0.0,949.2,4.4,0.0,0.3,1.2,4.4,18,2,7,26.9124,75.7873,0.0
29.0,78,0.0,949.6,4.6,0.0,0.0,1.2,4.4,19,2,7,26.9124,75.7873,0.0
28.6,79,0.0,950.1,4.6,0.0,0.0,1.2,4.3,20,2,7,26.9124,75.7873,0.0
28.3,80,0.0,950.8,4.3,0.0,0.0,1.1,4.2,21,2,7,26.9124,75.7873,0.0
27.4,84,0.0,950.9,3.7,0.0,0.0,1.0,4.2,22,2,7,26.9124,75.7873,0.0
27.1,84,0.0,950.8,3.7,0.0,0.0,0.7,4.2,23,2,7,26.9124,75.7873,0.0
26.7,85,0.0,950.4,7.3,0.0,0.0,0.3,4.1,0,3,7,26.9124,75.7873,0.0
26.5,84,0.0,950.0,7.4,0.0,0.0,0.0,2.2,1,3,7,26.9124,75.7873,0.0
26.4,84,0.0,949.9,7.7,0.0,0.0,0.0,1.2,2,3,7,26.9124,75.7873,0.0
26.4,84,0.0,950.1,7.1,0.0,0.0,0.0,1.2,3,3,7,26.9124,75.7873,0.0
26.2,87,0.0,950.3,6.5,0.0,0.0,0.0,1.2,4,3,7,26.9124,75.7873,0.0
26.4,84,0.0,950.2,8.3,0.0,0.0,0.0,1.2,5,3,7,26.9124,75.7873,0.0
26.6,83,0.0,950.5,7.7,0.0,0.0,0.0,1.2,6,3,7,26.9124,75.7873,0.0
27.6,80,0.0,951.5,6.8,0.0,0.0,0.0,1.2,7,3,7,26.9124,75.7873,0.0
29.0,74,0.0,952.1,8.0,0.0,0.0,0.0,1.2,8,3,7,26.9124,75.7873,0.0
30.3,68,0.0,952.5,9.7,0.0,0.0,0.0,1.1,9,3,7,26.9124,75.7873,0.0
31.6,63,0.0,952.8,11.3,0.0,0.0,0.0,1.0,10,3,7,26.9124,75.7873,0.0
31.8,60,0.0,953.3,13.1,0.0,0.0,0.0,0.7,11,3,7,26.9124,75.7873,0.1
32.2,63,0.1,953.2,13.7,0.1,0.1,0.1,0.4,12,3,7,26.9124,75.7873,0.0
32.8,61,0.0,952.4,14.4,0.1,0.1,0.1,0.1,13,3,7,26.9124,75.7873,0.1
33.1,59,0.1,951.8,14.8,0.2,0.2,0.2,0.2,14,3,7,26.9124,75.7873,0.0
33.5,56,0.0,951.5,14.2,0.1,0.2,0.2,0.2,15,3,7,26.9124,75.7873,0.0
32.9,56,0.0,951.0,12.5,0.1,0.2,0.2,0.2,16,3,7,26.9124,75.7873,0.1
32.7,56,0.1,951.8,11.3,0.1,0.3,0.3,0.3,17,3,7,26.9124,75.7873,0.1
29.9,70,0.1,952.0,11.6,0.2,0.3,0.4,0.4,18,3,7,26.9124,75.7873,0.0
29.1,73,0.0,952.1,9.1,0.2,0.3,0.4,0.4,19,3,7,26.9124,75.7873,0.0
28.6,76,0.0,952.8,8.0,0.1,0.2,0.4,0.4,20,3,7,26.9124,75.7873,0.0
28.3,78,0.0,953.5,8.2,0.0,0.2,0.4,0.4,21,3,7,26.9124,75.7873,0.0
28.1,79,0.0,953.8,10.3,0.0,0.2,0.4,0.4,22,3,7,26.9124,75.7873,0.0
28.2,80,0.0,953.9,11.2,0.0,0.1,0.4,0.4,23,3,7,26.9124,75.7873,0.0
27.9,81,0.0,953.3,10.4,0.0,0.0,0.3,0.4,0,4,7,26.9124,75.7873,0.0
27.7,83,0.0,952.7,11.0,0.0,0.0,0.3,0.4,1,4,7,26.9124,75.7873,0.0
27.4,83,0.0,952.6,10.3,0.0,0.0,0.2,0.4,2,4,7,26.9124,75.7873,0.0
27.2,82,0.0,952.3,10.4,0.0,0.0,0.2,0.4,3,4,7,26.9124,75.7873,0.0
27.1,80,0.0,952.6,11.7,0.0,0.0,0.2,0.4,4,4,7,26.9124,75.7873,0.0
27.7,76,0.0,952.7,13.7,0.0,0.0,0.1,0.4,5,4,7,26.9124,75.7873,0.0
28.0,75,0.0,953.4,12.8,0.0,0.0,0.0,0.4,6,4,7,26.9124,75.7873,0.0
28.9,73,0.0,954.2,12.1,0.0,0.0,0.0,0.4,7,4,7,26.9124,75.7873,0.0
29.9,70,0.0,954.5,15.8,0.0,0.0,0.0,0.4,8,4,7,26.9124,75.7873,0.0
31.1,67,0.0,954.9,15.4,0.0,0.0,0.0,0.4,9,4,7,26.9124,75.7873,0.0
32.2,64,0.0,954.8,15.2,0.0,0.0,0.0,0.4,10,4,7,26.9124,75.7873,0.0
32.7,60,0.0,954.8,15.3,0.0,0.0,0.0,0.4,11,4,7,26.9124,75.7873,0.0
33.4,56,0.0,954.7,13.9,0.0,0.0,0.0,0.3,12,4,7,26.9124,75.7873,0.0
33.9,55,0.0,954.1,12.9,0.0,0.0,0.0,0.3,13,4,7,26.9124,75.7873,0.0
34.0,54,0.0,953.5,13.7,0.0,0.0,0.0,0.2,14,4,7,26.9124,75.7873,0.0
34.1,52,0.0,953.0,14.3,0.0,0.0,0.0,0.2,15,4,7,26.9124,75.7873,0.0
33.8,52,0.0,952.3,14.3,0.0,0.0,0.0,0.2,16,4,7,26.9124,75.7873,0.0
33.1,54,0.0,951.8,13.4,0.0,0.0,0.0,0.1,17,4,7,26.9124,75.7873,0.0
31.9,58,0.0,952.0,11.6,0.0,0.0,0.0,0.0,18,4,7,26.9124,75.7873,0.0
30.6,62,0.0,952.4,9.6,0.0,0.0,0.0,0.0,19,4,7,26.9124,75.7873,0.0
29.9,65,0.0,953.2,9.1,0.0,0.0,0.0,0.0,20,4,7,26.9124,75.7873,0.0
29.6,66,0.0,953.8,11.2,0.0,0.0,0.0,0.0,21,4,7,26.9124,75.7873,0.0
29.2,67,0.0,954.1,12.6,0.0,0.0,0.0,0.0,22,4,7,26.9124,75.7873,0.0
28.9,67,0.0,953.6,15.0,0.0,0.0,0.0,0.0,23,4,7,26.9124,75.7873,0.0
28.4,67,0.0,953.1,14.4,0.0,0.0,0.0,0.0,0,5,7,26.9124,75.7873,0.0
28.0,67,0.0,952.4,13.8,0.0,0.0,0.0,0.0,1,5,7,26.9124,75.7873,0.0
27.6,69,0.0,952.0,12.8,0.0,0.0,0.0,0.0,2,5,7,26.9124,75.7873,0.0
27.3,71,0.0,951.8,12.0,0.0,0.0,0.0,0.0,3,5,7,26.9124,75.7873,0.0
27.1,72,0.0,952.0,11.8,0.0,0.0,0.0,0.0,4,5,7,26.9124,75.7873,0.0
26.8,75,0.0,952.3,15.3,0.0,0.0,0.0,0.0,5,5,7,26.9124,75.7873,0.0
26.7,76,0.0,952.8,15.4,0.0,0.0,0.0,0.0,6,5,7,26.9124,75.7873,0.0
27.3,74,0.0,953.0,15.6,0.0,0.0,0.0,0.0,7,5,7,26.9124,75.7873,0.0
28.2,70,0.0,953.5,17.3,0.0,0.0,0.0,0.0,8,5,7,26.9124,75.7873,0.0
29.3,65,0.0,953.7,16.9,0.0,0.0,0.0,0.0,9,5,7,26.9124,75.7873,0.0
30.4,61,0.0,953.9,13.7,0.0,0.0,0.0,0.0,10,5,7,26.9124,75.7873,0.0
31.2,58,0.0,953.7,13.6,0.0,0.0,0.0,0.0,11,5,7,26.9124,75.7873,0.0
31.8,57,0.0,953.4,12.8,0.0,0.0,0.0,0.0,12,5,7,26.9124,75.7873,0.0
32.4,56,0.0,952.7,12.4,0.0,0.0,0.0,0.0,13,5,7,26.9124,75.7873,0.0
32.9,54,0.0,951.8,13.2,0.0,0.0,0.0,0.0,14,5,7,26.9124,75.7873,0.0
33.0,54,0.0,951.3,13.6,0.0,0.0,0.0,0.0,15,5,7,26.9124,75.7873,0.0
32.8,54,0.0,950.8,13.3,0.0,0.0,0.0,0.0,16,5,7,26.9124,75.7873,0.0
32.8,55,0.0,950.5,12.6,0.0,0.0,0.0,0.0,17,5,7,26.9124,75.7873,0.0
31.9,60,0.0,950.8,8.7,0.0,0.0,0.0,0.0,18,5,7,26.9124,75.7873,0.0
30.8,64,0.0,950.9,8.9,0.0,0.0,0.0,0.0,19,5,7,26.9124,75.7873,0.0
30.2,66,0.0,951.3,8.6,0.0,0.0,0.0,0.0,20,5,7,26.9124,75.7873,0.0
30.0,66,0.0,952.0,10.6,0.0,0.0,0.0,0.0,21,5,7,26.9124,75.7873,0.0
29.8,66,0.0,952.3,12.7,0.0,0.0,0.0,0.0,22,5,7,26.9124,75.7873,0.0
29.5,67,0.0,952.1,11.0,0.0,0.0,0.0,0.0,23,5,7,26.9124,75.7873,0.0
28.8,70,0.0,951.9,8.6,0.0,0.0,0.0,0.0,0,6,7,26.9124,75.7873,0.0
28.4,71,0.0,951.1,10.0,0.0,0.0,0.0,0.0,1,6,7,26.9124,75.7873,0.0
28.1,71,0.0,950.6,10.7,0.0,0.0,0.0,0.0,2,6,7,26.9124,75.7873,0.0
27.7,72,0.0,949.9,12.2,0.0,0.0,0.0,0.0,3,6,7,26.9124,75.7873,0.0
27.5,72,0.0,949.8,13.6,0.0,0.0,0.0,0.0,4,6,7,26.9124,75.7873,0.0
26.9,76,0.0,950.2,15.5,0.0,0.0,0.0,0.0,5,6,7,26.9124,75.7873,0.0
26.8,78,0.0,950.8,13.9,0.0,0.0,0.0,0.0,6,6,7,26.9124,75.7873,0.0
27.3,75,0.0,951.1,15.4,0.0,0.0,0.0,0.0,7,6,7,26.9124,75.7873,0.0
28.1,72,0.0,951.5,15.6,0.0,0.0,0.0,0.0,8,6,7,26.9124,75.7873,0.0
29.2,67,0.0,951.9,14.5,0.0,0.0,0.0,0.0,9,6,7,26.9124,75.7873,0.0
30.5,61,0.0,952.1,12.7,0.0,0.0,0.0,0.0,10,6,7,26.9124,75.7873,0.0
31.9,55,0.0,951.9,11.2,0.0,0.0,0.0,0.0,11,6,7,26.9124,75.7873,0.0
32.8,51,0.0,952.0,11.3,0.0,0.0,0.0,0.0,12,6,7,26.9124,75.7873,0.0
33.5,49,0.0,951.3,12.0,0.0,0.0,0.0,0.0,13,6,7,26.9124,75.7873,0.0
33.9,48,0.0,950.7,13.1,0.0,0.0,0.0,0.0,14,6,7,26.9124,75.7873,0.0
33.9,48,0.0,950.6,13.4,0.0,0.0,0.0,0.0,15,6,7,26.9124,75.7873,0.0
33.9,48,0.0,950.5,12.5,0.0,0.0,0.0,0.0,16,6,7,26.9124,75.7873,0.0
33.8,50,0.0,950.3,10.1,0.0,0.0,0.0,0.0,17,6,7,26.9124,75.7873,0.0
33.0,56,0.0,950.5,7.5,0.0,0.0,0.0,0.0,18,6,7,26.9124,75.7873,0.0
31.5,60,0.0,950.7,10.7,0.0,0.0,0.0,0.0,19,6,7,26.9124,75.7873,0.0
30.8,62,0.0,951.2,11.7,0.0,0.0,0.0,0.0,20,6,7,26.9124,75.7873,0.0
30.2,63,0.0,951.9,12.4,0.0,0.0,0.0,0.0,21,6,7,26.9124,75.7873,0.0
29.8,64,0.0,952.1,12.5,0.0,0.0,0.0,0.0,22,6,7,26.9124,75.7873,0.0
29.7,64,0.0,951.9,13.3,0.0,0.0,0.0,0.0,23,6,7,26.9124,75.7873,0.0
29.5,64,0.0,951.8,13.8,0.0,0.0,0.0,0.0,0,0,7,26.9124,75.7873,0.0
29.1,65,0.0,951.5,14.1,0.0,0.0,0.0,0.0,1,0,7,26.9124,75.7873,0.0
28.9,64,0.0,951.2,13.2,0.0,0.0,0.0,0.0,2,0,7,26.9124,75.7873,0.0
28.4,67,0.0,950.7,11.3,0.0,0.0,0.0,0.0,3,0,7,26.9124,75.7873,0.0
27.9,69,0.0,950.8,11.8,0.0,0.0,0.0,0.0,4,0,7,26.9124,75.7873,0.0
27.8,71,0.0,951.3,13.8,0.0,0.0,0.0,0.0,5,0,7,26.9124,75.7873,0.0
27.7,72,0.0,951.9,12.5,0.0,0.0,0.0,0.0,6,0,7,26.9124,75.7873,0.0
28.4,70,0.0,952.6,12.2,0.0,0.0,0.0,0.0,7,0,7,26.9124,75.7873,0.0
29.3,67,0.0,953.3,12.8,0.0,0.0,0.0,0.0,8,0,7,26.9124,75.7873,0.0
30.9,61,0.0,953.5,12.6,0.0,0.0,0.0,0.0,9,0,7,26.9124,75.7873,0.0
31.8,59,0.0,953.7,11.4,0.0,0.0,0.0,0.0,10,0,7,26.9124,75.7873,0.0
32.2,58,0.0,953.8,10.0,0.0,0.0,0.0,0.0,11,0,7,26.9124,75.7873,0.2
32.6,57,0.2,953.8,10.3,0.2,0.2,0.2,0.2,12,0,7,26.9124,75.7873,0.1
33.5,53,0.1,953.1,9.4,0.3,0.3,0.3,0.3,13,0,7,26.9124,75.7873,0.1
34.0,52,0.1,952.7,9.8,0.4,0.4,0.4,0.4,14,0,7,26.9124,75.7873,0.0
34.1,52,0.0,952.3,10.6,0.2,0.4,0.4,0.4,15,0,7,26.9124,75.7873,0.0
34.0,51,0.0,951.8,10.6,0.1,0.4,0.4,0.4,16,0,7,26.9124,75.7873,0.0
34.4,47,0.0,951.5,8.2,0.0,0.4,0.4,0.4,17,0,7,26.9124,75.7873,0.0
33.5,52,0.0,951.7,6.6,0.0,0.2,0.4,0.4,18,0,7,26.9124,75.7873,0.0
32.0,59,0.0,952.2,7.8,0.0,0.1,0.4,0.4,19,0,7,26.9124,75.7873,0.0
31.4,59,0.0,952.6,9.5,0.0,0.0,0.4,0.4,20,0,7,26.9124,75.7873,0.0
31.2,59,0.0,953.2,10.3,0.0,0.0,0.4,0.4,21,0,7,26.9124,75.7873,0.0
31.0,58,0.0,953.9,14.3,0.0,0.0,0.4,0.4,22,0,7,26.9124,75.7873,0.0
30.5,61,0.0,953.8,12.5,0.0,0.0,0.4,0.4,23,0,7,26.9124,75.7873,0.0
30.0,62,0.0,953.7,11.8,0.0,0.0,0.2,0.4,0,1,7,26.9124,75.7873,0.0
29.3,63,0.0,952.9,11.5,0.0,0.0,0.1,0.4,1,1,7,26.9124,75.7873,0.0
28.8,64,0.0,952.7,11.7,0.0,0.0,0.0,0.4,2,1,7,26.9124,75.7873,0.0
28.4,65,0.0,952.5,11.7,0.0,0.0,0.0,0.4,3,1,7,26.9124,75.7873,0.0
27.9,67,0.0,952.7,11.6,0.0,0.0,0.0,0.4,4,1,7,26.9124,75.7873,0.0
28.7,66,0.0,952.9,15.4,0.0,0.0,0.0,0.4,5,1,7,26.9124,75.7873,0.0
28.8,65,0.0,953.6,15.4,0.0,0.0,0.0,0.4,6,1,7,26.9124,75.7873,0.0
29.3,62,0.0,954.1,14.8,0.0,0.0,0.0,0.4,7,1,7,26.9124,75.7873,0.0
29.9,61,0.0,954.5,15.2,0.0,0.0,0.0,0.4,8,1,7,26.9124,75.7873,0.0
30.8,60,0.0,955.3,16.2,0.0,0.0,0.0,0.4,9,1,7,26.9124,75.7873,0.0
32.4,54,0.0,955.6,15.9,0.0,0.0,0.0,0.4,10,1,7,26.9124,75.7873,0.0
33.3,51,0.0,956.1,13.0,0.0,0.0,0.0,0.4,11,1,7,26.9124,75.7873,0.0
33.8,49,0.0,955.6,11.4,0.0,0.0,0.0,0.2,12,1,7,26.9124,75.7873,0.1
34.2,48,0.1,955.1,10.8,0.1,0.1,0.1,0.2,13,1,7,26.9124,75.7873,0.0
34.6,47,0.0,954.6,11.4,0.1,0.1,0.1,0.1,14,1,7,26.9124,75.7873,0.0
34.5,48,0.0,954.0,11.9,0.1,0.1,0.1,0.1,15,1,7,26.9124,75.7873,0.0
34.3,48,0.0,953.8,11.6,0.0,0.1,0.1,0.1,16,1,7,26.9124,75.7873,0.0
33.8,46,0.0,953.6,9.9,0.0,0.1,0.1,0.1,17,1,7,26.9124,75.7873,0.0
33.1,47,0.0,953.6,10.4,0.0,0.1,0.1,0.1,18,1,7,26.9124,75.7873,0.0
32.2,51,0.0,954.1,9.5,0.0,0.0,0.1,0.1,19,1,7,26.9124,75.7873,0.0
31.5,53,0.0,954.6,10.4,0.0,0.0,0.1,0.1,20,1,7,26.9124,75.7873,0.0
30.8,55,0.0,955.3,11.1,0.0,0.0,0.1,0.1,21,1,7,26.9124,75.7873,0.0
30.4,56,0.0,955.8,10.0,0.0,0.0,0.1,0.1,22,1,7,26.9124,75.7873,0.0
30.7,56,0.0,955.3,13.5,0.0,0.0,0.1,0.1,23,1,7,26.9124,75.7873,0.0
30.4,57,0.0,955.1,11.7,0.0,0.0,0.1,0.1,0,2,7,26.9124,75.7873,0.0
30.1,56,0.0,955.0,12.0,0.0,0.0,0.0,0.1,1,2,7,26.9124,75.7873,0.0
29.8,56,0.0,954.8,10.7,0.0,0.0,0.0,0.1,2,2,7,26.9124,75.7873,0.0
29.1,58,0.0,954.4,10.4,0.0,0.0,0.0,0.1,3,2,7,26.9124,75.7873,0.0
28.6,61,0.0,954.5,10.2,0.0,0.0,0.0,0.1,4,2,7,26.9124,75.7873,0.0
29.1,58,0.0,954.7,12.7,0.0,0.0,0.0,0.1,5,2,7,26.9124,75.7873,0.0
28.9,60,0.0,955.2,13.0,0.0,0.0,0.0,0.1,6,2,7,26.9124,75.7873,0.0
29.5,60,0.0,955.8,14.6,0.0,0.0,0.0,0.1,7,2,7,26.9124,75.7873,0.0
30.4,58,0.0,956.5,15.2,0.0,0.0,0.0,0.1,8,2,7,26.9124,75.7873,0.0
31.5,54,0.0,957.1,14.6,0.0,0.0,0.0,0.1,9,2,7,26.9124,75.7873,0.0
31.9,53,0.0,957.5,12.4,0.0,0.0,0.0,0.1,10,2,7,26.9124,75.7873,0.0
33.6,48,0.0,957.7,10.9,0.0,0.0,0.0,0.1,11,2,7,26.9124,75.7873,0.1
34.1,47,0.1,957.5,8.8,0.1,0.1,0.1,0.2,12,2,7,26.9124,75.7873,0.0
34.7,45,0.0,956.8,7.2,0.1,0.1,0.1,0.1,13,2,7,26.9124,75.7873,0.0
34.8,44,0.0,956.3,6.8,0.1,0.1,0.1,0.1,14,2,7,26.9124,75.7873,0.0
34.6,44,0.0,955.7,8.8,0.0,0.1,0.1,0.1,15,2,7,26.9124,75.7873,0.0
34.1,46,0.0,955.3,9.7,0.0,0.1,0.1,0.1,16,2,7,26.9124,75.7873,0.1
33.8,44,0.1,954.6,8.4,0.1,0.2,0.2,0.2,17,2,7,26.9124,75.7873,0.0
33.0,47,0.0,955.0,8.0,0.1,0.1,0.2,0.2,18,2,7,26.9124,75.7873,0.0
32.2,51,0.0,955.4,4.7,0.1,0.1,0.2,0.2,19,2,7,26.9124,75.7873,0.0
31.5,55,0.0,955.8,3.4,0.0,0.1,0.2,0.2,20,2,7,26.9124,75.7873,0.0
31.1,55,0.0,956.4,6.9,0.0,0.1,0.2,0.2,21,2,7,26.9124,75.7873,0.0
30.7,54,0.0,956.8,7.5,0.0,0.1,0.2,0.2,22,2,7,26.9124,75.7873,0.0
31.2,53,0.0,956.6,8.5,0.0,0.0,0.2,0.2,23,2,7,26.9124,75.7873,0.0
30.6,56,0.0,956.5,7.7,0.0,0.0,0.1,0.2,0,3,7,26.9124,75.7873,0.0
30.4,58,0.0,955.9,7.7,0.0,0.0,0.1,0.2,1,3,7,26.9124,75.7873,0.0
30.2,57,0.0,955.9,8.3,0.0,0.0,0.1,0.2,2,3,7,26.9124,75.7873,0.0
29.7,57,0.0,955.9,9.5,0.0,0.0,0.1,0.2,3,3,7,26.9124,75.7873,0.0
29.3,58,0.0,955.8,10.3,0.0,0.0,0.1,0.2,4,3,7,26.9124,75.7873,0.0
29.1,60,0.0,956.1,11.5,0.0,0.0,0.0,0.2,5,3,7,26.9124,75.7873,0.0
29.1,60,0.0,956.8,13.2,0.0,0.0,0.0,0.2,6,3,7,26.9124,75.7873,0.0
29.8,60,0.0,957.2,14.7,0.0,0.0,0.0,0.2,7,3,7,26.9124,75.7873,0.0
30.7,58,0.0,957.7,15.6,0.0,0.0,0.0,0.2,8,3,7,26.9124,75.7873,0.0
32.1,53,0.0,958.1,15.6,0.0,0.0,0.0,0.2,9,3,7,26.9124,75.7873,0.0
33.5,47,0.0,958.2,13.9,0.0,0.0,0.0,0.2,10,3,7,26.9124,75.7873,0.0
35.1,43,0.0,958.0,12.1,0.0,0.0,0.0,0.2,11,3,7,26.9124,75.7873,0.0
35.6,42,0.0,957.7,10.9,0.0,0.0,0.0,0.1,12,3,7,26.9124,75.7873,0.0
36.2,40,0.0,957.1,10.4,0.0,0.0,0.0,0.1,13,3,7,26.9124,75.7873,0.0
36.1,40,0.0,956.3,11.3,0.0,0.0,0.0,0.1,14,3,7,26.9124,75.7873,0.1
35.8,41,0.1,955.6,11.2,0.1,0.1,0.1,0.2,15,3,7,26.9124,75.7873,0.0
35.4,42,0.0,955.0,11.7,0.1,0.1,0.1,0.2,16,3,7,26.9124,75.7873,0.0
35.7,37,0.0,954.5,13.1,0.1,0.1,0.1,0.1,17,3,7,26.9124,75.7873,0.0
35.0,37,0.0,954.8,11.3,0.0,0.1,0.1,0.1,18,3,7,26.9124,75.7873,0.0
34.5,38,0.0,955.4,8.8,0.0,0.1,0.1,0.1,19,3,7,26.9124,75.7873,0.0
33.6,43,0.0,955.6,8.8,0.0,0.1,0.1,0.1,20,3,7,26.9124,75.7873,0.0
33.0,43,0.0,956.2,9.9,0.0,0.0,0.1,0.1,21,3,7,26.9124,75.7873,0.0
32.3,45,0.0,956.4,8.9,0.0,0.0,0.1,0.1,22,3,7,26.9124,75.7873,0.0
32.3,47,0.0,955.7,9.7,0.0,0.0,0.1,0.1,23,3,7,26.9124,75.7873,0.0
31.3,52,0.0,955.5,9.5,0.0,0.0,0.1,0.1,0,4,7,26.9124,75.7873,0.0
31.0,54,0.0,955.3,11.5,0.0,0.0,0.1,0.1,1,4,7,26.9124,75.7873,0.0
30.7,53,0.0,955.0,12.9,0.0,0.0,0.1,0.1,2,4,7,26.9124,75.7873,0.0
30.4,53,0.0,954.9,13.0,0.0,0.0,0.0,0.1,3,4,7,26.9124,75.7873,0.0
30.1,55,0.0,955.1,12.4,0.0,0.0,0.0,0.1,4,4,7,26.9124,75.7873,0.0
29.8,56,0.0,955.2,14.3,0.0,0.0,0.0,0.1,5,4,7,26.9124,75.7873,0.0
29.6,57,0.0,955.9,13.9,0.0,0.0,0.0,0.1,6,4,7,26.9124,75.7873,0.0
30.2,55,0.0,956.5,16.1,0.0,0.0,0.0,0.1,7,4,7,26.9124,75.7873,0.0
31.1,53,0.0,956.9,15.9,0.0,0.0,0.0,0.1,8,4,7,26.9124,75.7873,0.0
32.3,50,0.0,957.2,15.9,0.0,0.0,0.0,0.1,9,4,7,26.9124,75.7873,0.0
33.6,47,0.0,957.5,15.1,0.0,0.0,0.0,0.1,10,4,7,26.9124,75.7873,0.0
34.8,44,0.0,957.3,13.3,0.0,0.0,0.0,0.1,11,4,7,26.9124,75.7873,0.0
35.7,41,0.0,957.1,10.5,0.0,0.0,0.0,0.1,12,4,7,26.9124,75.7873,0.0
36.7,39,0.0,956.5,9.0,0.0,0.0,0.0,0.1,13,4,7,26.9124,75.7873,0.0
37.0,38,0.0,955.4,9.7,0.0,0.0,0.0,0.1,14,4,7,26.9124,75.7873,0.0
36.8,39,0.0,954.7,10.9,0.0,0.0,0.0,0.0,15,4,7,26.9124,75.7873,0.0
35.9,41,0.0,954.2,12.0,0.0,0.0,0.0,0.0,16,4,7,26.9124,75.7873,0.0
35.7,40,0.0,954.1,10.6,0.0,0.0,0.0,0.0,17,4,7,26.9124,75.7873,0.0
34.9,42,0.0,954.2,9.4,0.0,0.0,0.0,0.0,18,4,7,26.9124,75.7873,0.0
34.4,43,0.0,954.7,7.7,0.0,0.0,0.0,0.0,19,4,7,26.9124,75.7873,0.0
34.1,43,0.0,955.5,5.8,0.0,0.0,0.0,0.0,20,4,7,26.9124,75.7873,0.0
33.4,46,0.0,956.2,4.2,0.0,0.0,0.0,0.0,21,4,7,26.9124,75.7873,0.0
32.9,50,0.0,956.2,6.7,0.0,0.0,0.0,0.0,22,4,7,26.9124,75.7873,0.0
32.8,49,0.0,955.7,8.7,0.0,0.0,0.0,0.0,23,4,7,26.9124,75.7873,0.0
32.2,49,0.0,955.1,9.8,0.0,0.0,0.0,0.0,0,5,7,26.9124,75.7873,0.0
31.8,49,0.0,955.1,9.6,0.0,0.0,0.0,0.0,1,5,7,26.9124,75.7873,0.0
31.0,52,0.0,954.9,9.7,0.0,0.0,0.0,0.0,2,5,7,26.9124,75.7873,0.0
30.4,55,0.0,954.7,12.6,0.0,0.0,0.0,0.0,3,5,7,26.9124,75.7873,0.0
30.0,56,0.0,954.7,13.5,0.0,0.0,0.0,0.0,4,5,7,26.9124,75.7873,0.0
29.8,58,0.0,954.9,14.6,0.0,0.0,0.0,0.0,5,5,7,26.9124,75.7873,0.0
29.6,59,0.0,955.5,13.6,0.0,0.0,0.0,0.0,6,5,7,26.9124,75.7873,0.0
30.3,57,0.0,956.0,14.8,0.0,0.0,0.0,0.0,7,5,7,26.9124,75.7873,0.0
31.5,53,0.0,956.3,15.1,0.0,0.0,0.0,0.0,8,5,7,26.9124,75.7873,0.0
32.8,49,0.0,956.6,14.7,0.0,0.0,0.0,0.0,9,5,7,26.9124,75.7873,0.0
34.0,46,0.0,956.6,12.9,0.0,0.0,0.0,0.0,10,5,7,26.9124,75.7873,0.0
35.8,40,0.0,956.3,10.5,0.0,0.0,0.0,0.0,11,5,7,26.9124,75.7873,0.0
36.1,39,0.0,955.8,10.8,0.0,0.0,0.0,0.0,12,5,7,26.9124,75.7873,0.0
36.2,39,0.0,955.1,10.8,0.0,0.0,0.0,0.0,13,5,7,26.9124,75.7873,0.1
36.6,39,0.1,954.5,10.2,0.1,0.1,0.1,0.1,14,5,7,26.9124,75.7873,0.1
36.2,41,0.1,953.9,9.9,0.2,0.2,0.2,0.2,15,5,7,26.9124,75.7873,0.0
35.9,42,0.0,953.3,9.5,0.2,0.2,0.2,0.2,16,5,7,26.9124,75.7873,0.0
36.2,38,0.0,953.3,9.1,0.1,0.2,0.2,0.2,17,5,7,26.9124,75.7873,0.0
35.4,40,0.0,953.9,8.0,0.0,0.2,0.2,0.2,18,5,7,26.9124,75.7873,0.0
34.7,42,0.0,954.6,7.3,0.0,0.2,0.2,0.2,19,5,7,26.9124,75.7873,0.0
34.1,45,0.0,954.8,7.3,0.0,0.1,0.2,0.2,20,5,7,26.9124,75.7873,0.0
33.5,49,0.0,955.3,7.8,0.0,0.0,0.2,0.2,21,5,7,26.9124,75.7873,0.0
32.9,52,0.0,955.7,7.1,0.0,0.0,0.2,0.2,22,5,7,26.9124,75.7873,0.0
32.9,51,0.0,955.3,8.4,0.0,0.0,0.2,0.2,23,5,7,26.9124,75.7873,0.0
32.4,51,0.0,955.2,7.9,0.0,0.0,0.2,0.2,0,6,7,26.9124,75.7873,0.0
32.1,52,0.0,954.7,8.7,0.0,0.0,0.2,0.2,1,6,7,26.9124,75.7873,0.0
31.6,55,0.0,954.4,8.6,0.0,0.0,0.1,0.2,2,6,7,26.9124,75.7873,0.0
31.2,58,0.0,954.3,6.7,0.0,0.0,0.0,0.2,3,6,7,26.9124,75.7873,0.0
30.9,58,0.0,954.6,6.1,0.0,0.0,0.0,0.2,4,6,7,26.9124,75.7873,0.0
31.2,57,0.0,954.6,7.2,0.0,0.0,0.0,0.2,5,6,7,26.9124,75.7873,0.0
30.9,58,0.0,955.1,8.6,0.0,0.0,0.0,0.2,6,6,7,26.9124,75.7873,0.0
31.2,55,0.0,955.4,11.7,0.0,0.0,0.0,0.2,7,6,7,26.9124,75.7873,0.0
31.7,53,0.0,955.8,12.9,0.0,0.0,0.0,0.2,8,6,7,26.9124,75.7873,0.0
33.0,50,0.0,956.4,13.0,0.0,0.0,0.0,0.2,9,6,7,26.9124,75.7873,0.0
34.1,47,0.0,956.6,12.1,0.0,0.0,0.0,0.2,10,6,7,26.9124,75.7873,0.0
35.0,45,0.0,956.4,10.1,0.0,0.0,0.0,0.2,11,6,7,26.9124,75.7873,0.0
35.8,44,0.0,955.9,7.4,0.0,0.0,0.0,0.2,12,6,7,26.9124,75.7873,0.0
36.5,42,0.0,955.4,6.6,0.0,0.0,0.0,0.2,13,6,7,26.9124,75.7873,0.2
35.5,45,0.2,954.9,6.0,0.2,0.2,0.2,0.3,14,6,7,26.9124,75.7873,0.0
33.9,52,0.0,954.3,6.6,0.2,0.2,0.2,0.2,15,6,7,26.9124,75.7873,0.8
32.4,61,0.8,953.9,4.8,1.0,1.0,1.0,1.0,16,6,7,26.9124,75.7873,0.1
34.4,46,0.1,953.9,4.1,0.9,1.1,1.1,1.1,17,6,7,26.9124,75.7873,0.0
34.5,46,0.0,953.8,5.1,0.9,1.1,1.1,1.1,18,6,7,26.9124,75.7873,0.0
33.9,47,0.0,954.4,3.0,0.1,1.1,1.1,1.1,19,6,7,26.9124,75.7873,0.0
33.7,47,0.0,955.1,2.4,0.0,0.9,1.1,1.1,20,6,7,26.9124,75.7873,0.0
32.9,52,0.0,955.8,5.6,0.0,0.9,1.1,1.1,21,6,7,26.9124,75.7873,0.0
32.0,57,0.0,956.1,6.5,0.0,0.1,1.1,1.1,22,6,7,26.9124,75.7873,0.0
31.9,60,0.0,955.9,7.8,0.0,0.0,1.1,1.1,23,6,7,26.9124,75.7873,0.0
31.5,60,0.0,955.7,9.6,0.0,0.0,1.1,1.1,0,0,7,26.9124,75.7873,0.0
31.2,61,0.0,954.6,10.9,0.0,0.0,1.1,1.1,1,0,7,26.9124,75.7873,0.0
30.7,62,0.0,954.2,10.2,0.0,0.0,0.9,1.1,2,0,7,26.9124,75.7873,0.0
30.4,63,0.0,954.2,11.2,0.0,0.0,0.9,1.1,3,0,7,26.9124,75.7873,0.0
30.0,64,0.0,954.5,9.8,0.0,0.0,0.1,1.1,4,0,7,26.9124,75.7873,0.0
30.1,67,0.0,954.4,9.8,0.0,0.0,0.0,1.1,5,0,7,26.9124,75.7873,0.0
30.1,67,0.0,954.8,9.1,0.0,0.0,0.0,1.1,6,0,7,26.9124,75.7873,0.0
30.7,61,0.0,955.3,10.8,0.0,0.0,0.0,1.1,7,0,7,26.9124,75.7873,0.0
31.5,56,0.0,955.6,12.1,0.0,0.0,0.0,1.1,8,0,7,26.9124,75.7873,0.0
32.5,53,0.0,956.0,11.6,0.0,0.0,0.0,1.1,9,0,7,26.9124,75.7873,0.0
33.2,51,0.0,956.3,9.6,0.0,0.0,0.0,1.1,10,0,7,26.9124,75.7873,0.1
34.4,45,0.1,956.5,4.9,0.1,0.1,0.1,1.2,11,0,7,26.9124,75.7873,0.0
33.5,48,0.0,956.0,4.4,0.1,0.1,0.1,1.2,12,0,7,26.9124,75.7873,0.0
33.2,49,0.0,955.7,7.7,0.1,0.1,0.1,1.2,13,0,7,26.9124,75.7873,0.2
31.5,59,0.2,955.0,10.0,0.2,0.3,0.3,1.2,14,0,7,26.9124,75.7873,0.5
31.1,64,0.5,954.4,10.0,0.7,0.8,0.8,1.7,15,0,7,26.9124,75.7873,0.1
30.6,65,0.1,954.0,5.7,0.8,0.9,0.9,1.0,16,0,7,26.9124,75.7873,0.0
29.0,78,0.0,954.5,7.4,0.6,0.8,0.9,0.9,17,0,7,26.9124,75.7873,0.0
28.8,76,0.0,954.5,5.8,0.1,0.8,0.9,0.9,18,0,7,26.9124,75.7873,0.0
28.6,76,0.0,954.6,2.8,0.0,0.8,0.9,0.9,19,0,7,26.9124,75.7873,0.0
28.5,77,0.0,955.2,4.4,0.0,0.6,0.9,0.9,20,0,7,26.9124,75.7873,0.0
28.4,78,0.0,956.0,5.7,0.0,0.1,0.9,0.9,21,0,7,26.9124,75.7873,0.0
28.1,80,0.0,956.4,6.4,0.0,0.0,0.9,0.9,22,0,7,26.9124,75.7873,0.1
27.0,91,0.1,955.9,8.5,0.1,0.1,0.9,1.0,23,0,7,26.9124,75.7873,3.1
26.0,95,3.1,955.7,8.9,3.2,3.2,4.0,4.1,0,1,7,26.9124,75.7873,3.8
25.1,98,3.8,954.9,6.7,7.0,7.0,7.8,7.9,1,1,7,26.9124,75.7873,8.5
24.8,97,8.5,954.9,5.1,15.4,15.5,16.1,16.4,2,1,7,26.9124,75.7873,2.8
24.7,97,2.8,954.6,6.1,15.1,18.3,18.4,19.2,3,1,7,26.9124,75.7873,0.4
24.8,98,0.4,954.4,5.1,11.7,18.7,18.7,19.6,4,1,7,26.9124,75.7873,0.2
26.0,97,0.2,953.9,6.2,3.4,18.8,18.9,19.8,5,1,7,26.9124,75.7873,1.1
26.0,96,1.1,954.4,6.0,1.7,16.8,20.0,20.9,6,1,7,26.9124,75.7873,0.5
26.3,95,0.5,954.7,5.6,1.8,13.5,20.5,21.4,7,1,7,26.9124,75.7873,0.5
26.7,92,0.5,955.3,6.2,2.1,5.5,21.0,21.9,8,1,7,26.9124,75.7873,0.9
26.8,90,0.9,955.4,6.1,1.9,3.6,21.9,22.8,9,1,7,26.9124,75.7873,1.3
26.8,90,1.3,955.3,6.6,2.7,4.5,23.2,24.1,10,1,7,26.9124,75.7873,1.3
30.3,71,1.3,955.6,8.3,3.5,5.6,24.4,25.3,11,1,7,26.9124,75.7873,0.9
27.1,83,0.9,954.4,12.5,3.5,5.4,22.2,26.2,12,1,7,26.9124,75.7873,3.9
26.3,92,3.9,954.1,6.7,6.1,8.8,22.3,30.1,13,1,7,26.9124,75.7873,0.8
26.5,91,0.8,953.5,5.6,5.6,9.1,14.6,30.7,14,1,7,26.9124,75.7873,0.1
28.4,79,0.1,953.3,5.5,4.8,8.3,11.9,30.3,15,1,7,26.9124,75.7873,0.0
28.4,78,0.0,952.8,5.0,0.9,7.0,11.5,30.2,16,1,7,26.9124,75.7873,0.0
29.4,71,0.0,952.3,2.0,0.1,5.7,11.3,30.2,17,1,7,26.9124,75.7873,0.2
28.4,78,0.2,952.8,4.6,0.2,5.0,10.4,30.4,18,1,7,26.9124,75.7873,0.3
27.5,86,0.3,953.2,4.3,0.5,1.4,10.2,30.7,19,1,7,26.9124,75.7873,0.1
26.9,91,0.1,953.8,5.1,0.6,0.7,9.8,30.8,20,1,7,26.9124,75.7873,0.0
26.7,91,0.0,954.6,5.6,0.4,0.6,8.9,30.8,21,1,7,26.9124,75.7873,0.0
26.4,93,0.0,954.5,4.8,0.1,0.6,7.6,30.8,22,1,7,26.9124,75.7873,0.0
25.9,96,0.0,954.5,2.3,0.0,0.6,6.3,30.7,23,1,7,26.9124,75.7873,0.2
25.7,96,0.2,953.9,1.3,0.2,0.6,5.6,27.8,0,2,7,26.9124,75.7873,0.3
25.3,99,0.3,953.4,3.3,0.5,0.6,2.0,24.3,1,2,7,26.9124,75.7873,0.5
25.0,99,0.5,952.9,5.6,1.0,1.0,1.7,16.3,2,2,7,26.9124,75.7873,0.1
25.1,98,0.1,952.6,1.6,0.9,1.1,1.7,13.6,3,2,7,26.9124,75.7873,0.0
25.2,97,0.0,953.0,2.2,0.6,1.1,1.7,13.2,4,2,7,26.9124,75.7873,0.0
25.8,96,0.0,952.2,5.1,0.1,1.1,1.7,13.0,5,2,7,26.9124,75.7873,0.1
25.7,92,0.1,952.8,8.4,0.1,1.0,1.6,12.0,6,2,7,26.9124,75.7873,0.9
25.9,92,0.9,953.3,8.9,1.0,1.6,2.2,12.4,7,2,7,26.9124,75.7873,0.2
26.9,88,0.2,953.5,8.8,1.2,1.3,2.3,12.1,8,2,7,26.9124,75.7873,0.2
28.4,83,0.2,954.2,7.1,1.3,1.4,2.5,11.4,9,2,7,26.9124,75.7873,0.3
29.5,75,0.3,954.3,9.1,0.7,1.7,2.8,10.4,10,2,7,26.9124,75.7873,0.5
29.4,71,0.5,954.0,10.8,1.0,2.2,3.3,9.6,11,2,7,26.9124,75.7873,0.2
29.5,70,0.2,953.6,11.2,1.0,2.3,3.3,8.9,12,2,7,26.9124,75.7873,0.4
29.6,70,0.4,952.9,11.2,1.1,1.8,3.4,5.4,13,2,7,26.9124,75.7873,0.6
30.3,69,0.6,952.1,9.9,1.2,2.2,3.5,5.2,14,2,7,26.9124,75.7873,0.1
30.8,68,0.1,951.4,9.0,1.1,2.1,3.5,5.2,15,2,7,26.9124,75.7873,0.1
30.9,68,0.1,950.5,9.4,0.8,1.9,3.6,5.3,16,2,7,26.9124,75.7873,0.0
28.5,83,0.0,950.8,4.9,0.2,1.4,3.6,5.3,17,2,7,26.9124,75.7873,0.0
28.9,79,0.0,951.2,6.7,0.1,1.2,3.5,5.1,18,2,7,26.9124,75.7873,0.2
27.7,83,0.2,951.9,4.2,0.2,1.0,2.8,5.0,19,2,7,26.9124,75.7873,1.7
26.0,94,1.7,952.5,6.2,1.9,2.1,4.3,6.6,20,2,7,26.9124,75.7873,1.4
25.8,95,1.4,953.0,7.8,3.3,3.4,5.5,8.0,21,2,7,26.9124,75.7873,2.5
25.4,97,2.5,953.8,2.2,5.6,5.8,7.7,10.5,22,2,7,26.9124,75.7873,0.2
26.6,92,0.2,952.8,3.2,4.1,6.0,7.4,10.7,23,2,7,26.9124,75.7873,0.0
26.4,93,0.0,952.3,2.0,2.7,6.0,7.2,10.5,0,3,7,26.9124,75.7873,0.1
25.8,94,0.1,951.8,2.2,0.3,5.9,6.9,10.3,1,3,7,26.9124,75.7873,0.5
25.8,95,0.5,951.6,1.2,0.6,4.7,6.8,10.3,2,3,7,26.9124,75.7873,0.1
25.2,96,0.1,951.1,11.1,0.7,3.4,6.8,10.3,3,3,7,26.9124,75.7873,0.1
24.8,95,0.1,951.1,10.7,0.7,1.0,6.8,10.4,4,3,7,26.9124,75.7873,0.0
25.4,97,0.0,951.1,8.4,0.2,0.8,6.8,10.4,5,3,7,26.9124,75.7873,0.0
25.5,95,0.0,951.5,9.8,0.1,0.8,6.8,10.3,6,3,7,26.9124,75.7873,0.2
26.2,89,0.2,951.9,8.6,0.2,0.9,6.8,9.6,7,3,7,26.9124,75.7873,0.1
27.3,83,0.1,951.7,9.9,0.3,0.5,5.2,9.5,8,3,7,26.9124,75.7873,0.1
29.0,74,0.1,952.2,10.3,0.4,0.5,3.9,9.4,9,3,7,26.9124,75.7873,0.1
30.1,68,0.1,951.9,10.5,0.3,0.5,1.5,9.2,10,3,7,26.9124,75.7873,0.1
30.8,64,0.1,952.0,11.7,0.3,0.6,1.4,8.8,11,3,7,26.9124,75.7873,0.2
30.9,63,0.2,951.4,11.5,0.4,0.8,1.6,8.8,12,3,7,26.9124,75.7873,0.1
31.7,60,0.1,950.8,11.9,0.4,0.7,1.6,8.5,13,3,7,26.9124,75.7873,0.1
31.9,59,0.1,950.3,10.5,0.4,0.7,1.2,8.0,14,3,7,26.9124,75.7873,0.0
32.1,59,0.0,949.7,10.5,0.2,0.6,1.1,7.9,15,3,7,26.9124,75.7873,0.1
32.0,58,0.1,949.2,10.6,0.2,0.6,1.1,7.9,16,3,7,26.9124,75.7873,0.6
28.9,82,0.6,950.0,5.7,0.7,1.1,1.7,8.5,17,3,7,26.9124,75.7873,0.2
29.1,79,0.2,950.1,5.3,0.9,1.1,1.9,8.7,18,3,7,26.9124,75.7873,0.1
28.2,85,0.1,950.3,6.0,0.9,1.1,1.8,8.6,19,3,7,26.9124,75.7873,0.0
27.6,88,0.0,951.0,6.3,0.3,1.0,1.7,6.9,20,3,7,26.9124,75.7873,0.0
27.2,90,0.0,951.4,6.1,0.1,1.0,1.6,5.5,21,3,7,26.9124,75.7873,0.0
26.9,90,0.0,952.0,8.2,0.0,0.9,1.5,3.0,22,3,7,26.9124,75.7873,0.3
26.7,90,0.3,951.8,8.8,0.3,0.6,1.7,3.1,23,3,7,26.9124,75.7873,0.0
26.2,92,0.0,951.5,6.6,0.3,0.4,1.5,3.1,0,4,7,26.9124,75.7873,0.0
25.8,93,0.0,951.2,7.3,0.3,0.3,1.4,3.0,1,4,7,26.9124,75.7873,0.0
25.5,95,0.0,950.8,5.8,0.0,0.3,1.3,2.5,2,4,7,26.9124,75.7873,0.2
25.4,91,0.2,950.8,4.7,0.2,0.5,1.5,2.6,3,4,7,26.9124,75.7873,0.2
25.2,93,0.2,950.8,5.2,0.4,0.7,1.6,2.7,4,4,7,26.9124,75.7873,0.0
25.2,97,0.0,950.4,6.3,0.4,0.4,1.0,2.7,5,4,7,26.9124,75.7873,0.2
25.0,97,0.2,950.5,8.7,0.4,0.6,1.0,2.9,6,4,7,26.9124,75.7873,0.1
25.7,96,0.1,951.4,7.1,0.3,0.7,1.0,2.8,7,4,7,26.9124,75.7873,0.0
26.9,88,0.0,951.8,4.8,0.3,0.7,1.0,2.7,8,4,7,26.9124,75.7873,0.0
28.4,80,0.0,952.6,4.8,0.1,0.5,1.0,2.6,9,4,7,26.9124,75.7873,0.1
29.4,73,0.1,952.8,7.1,0.1,0.4,1.1,2.6,10,4,7,26.9124,75.7873,0.1
29.7,69,0.1,952.5,10.4,0.2,0.5,0.9,2.6,11,4,7,26.9124,75.7873,0.1
30.4,68,0.1,951.7,9.1,0.3,0.4,1.0,2.5,12,4,7,26.9124,75.7873,0.1
31.1,66,0.1,951.0,11.1,0.3,0.4,1.1,2.5,13,4,7,26.9124,75.7873,0.9
30.5,67,0.9,950.5,13.6,1.1,1.3,2.0,3.3,14,4,7,26.9124,75.7873,0.0
31.2,65,0.0,950.0,10.3,1.0,1.3,1.8,3.3,15,4,7,26.9124,75.7873,0.1
30.9,64,0.1,949.7,11.7,1.0,1.3,1.7,3.3,16,4,7,26.9124,75.7873,0.1
30.8,63,0.1,949.3,11.6,0.2,1.3,1.8,2.8,17,4,7,26.9124,75.7873,0.1
29.9,69,0.1,949.5,8.1,0.3,1.3,1.7,2.7,18,4,7,26.9124,75.7873,0.0
28.9,76,0.0,950.2,5.0,0.2,1.2,1.6,2.6,19,4,7,26.9124,75.7873,0.0
28.6,74,0.0,951.2,7.4,0.1,0.3,1.6,2.6,20,4,7,26.9124,75.7873,0.0
28.1,72,0.0,951.9,10.2,0.0,0.3,1.6,2.6,21,4,7,26.9124,75.7873,0.0
27.6,74,0.0,952.2,11.7,0.0,0.2,1.5,2.6,22,4,7,26.9124,75.7873,0.0
26.7,83,0.0,952.5,14.2,0.0,0.1,1.4,2.3,23,4,7,26.9124,75.7873,0.0
26.3,83,0.0,952.1,11.5,0.0,0.0,1.3,2.3,0,5,7,26.9124,75.7873,0.0
25.9,85,0.0,952.3,11.0,0.0,0.0,1.2,2.3,1,5,7,26.9124,75.7873,0.0
25.8,85,0.0,952.3,11.0,0.0,0.0,0.3,2.3,2,5,7,26.9124,75.7873,0.0
25.6,85,0.0,952.0,10.3,0.0,0.0,0.3,2.1,3,5,7,26.9124,75.7873,0.0
25.4,85,0.0,952.0,9.2,0.0,0.0,0.2,1.9,4,5,7,26.9124,75.7873,0.0
25.2,89,0.0,952.3,9.0,0.0,0.0,0.1,1.9,5,5,7,26.9124,75.7873,0.1
25.5,88,0.1,953.2,7.8,0.1,0.1,0.1,1.8,6,5,7,26.9124,75.7873,0.1
25.9,85,0.1,953.7,10.7,0.2,0.2,0.2,1.8,7,5,7,26.9124,75.7873,0.1
27.1,79,0.1,953.8,13.0,0.3,0.3,0.3,1.9,8,5,7,26.9124,75.7873,0.1
28.1,73,0.1,954.2,12.6,0.3,0.4,0.4,2.0,9,5,7,26.9124,75.7873,0.2
29.0,69,0.2,954.6,11.8,0.4,0.6,0.6,2.1,10,5,7,26.9124,75.7873,0.2
29.4,67,0.2,954.2,13.2,0.5,0.8,0.8,2.2,11,5,7,26.9124,75.7873,0.4
29.8,65,0.4,954.0,12.9,0.8,1.1,1.2,2.5,12,5,7,26.9124,75.7873,0.2
31.1,60,0.2,953.3,12.8,0.8,1.2,1.4,2.6,13,5,7,26.9124,75.7873,0.2
31.7,58,0.2,952.6,13.6,0.8,1.3,1.6,1.9,14,5,7,26.9124,75.7873,0.2
31.8,57,0.2,952.2,13.1,0.6,1.4,1.8,2.1,15,5,7,26.9124,75.7873,0.1
31.8,57,0.1,951.6,12.2,0.5,1.3,1.9,2.1,16,5,7,26.9124,75.7873,0.0
31.0,60,0.0,952.0,11.7,0.3,1.1,1.9,2.0,17,5,7,26.9124,75.7873,0.0
30.0,67,0.0,952.4,7.1,0.1,0.7,1.8,1.9,18,5,7,26.9124,75.7873,0.0
29.0,72,0.0,952.8,6.1,0.0,0.5,1.7,1.9,19,5,7,26.9124,75.7873,0.0
28.5,75,0.0,953.5,6.8,0.0,0.3,1.6,1.9,20,5,7,26.9124,75.7873,0.0
28.1,75,0.0,954.5,7.6,0.0,0.1,1.5,1.9,21,5,7,26.9124,75.7873,0.0
27.6,77,0.0,954.8,7.6,0.0,0.0,1.3,1.9,22,5,7,26.9124,75.7873,0.0
27.1,84,0.0,954.4,6.2,0.0,0.0,1.1,1.9,23,5,7,26.9124,75.7873,0.0
26.7,85,0.0,954.2,5.9,0.0,0.0,0.7,1.9,0,6,7,26.9124,75.7873,0.0
26.4,86,0.0,954.1,4.5,0.0,0.0,0.5,1.9,1,6,7,26.9124,75.7873,0.0
26.3,87,0.0,953.8,5.3,0.0,0.0,0.3,1.9,2,6,7,26.9124,75.7873,0.0
26.1,87,0.0,953.6,3.6,0.0,0.0,0.1,1.9,3,6,7,26.9124,75.7873,0.0
25.9,89,0.0,954.0,1.9,0.0,0.0,0.0,1.9,4,6,7,26.9124,75.7873,0.0
26.2,87,0.0,953.5,3.8,0.0,0.0,0.0,1.9,5,6,7,26.9124,75.7873,0.0
26.3,87,0.0,954.1,4.3,0.0,0.0,0.0,1.8,6,6,7,26.9124,75.7873,0.0
27.1,83,0.0,954.6,3.1,0.0,0.0,0.0,1.7,7,6,7,26.9124,75.7873,0.0
28.2,77,0.0,954.5,5.3,0.0,0.0,0.0,1.6,8,6,7,26.9124,75.7873,0.0
29.4,71,0.0,954.9,8.1,0.0,0.0,0.0,1.5,9,6,7,26.9124,75.7873,0.1
30.1,68,0.1,955.1,8.8,0.1,0.1,0.1,1.4,10,6,7,26.9124,75.7873,0.1
31.0,63,0.1,955.4,10.6,0.2,0.2,0.2,1.3,11,6,7,26.9124,75.7873,0.1
31.4,62,0.1,955.3,9.8,0.3,0.3,0.3,1.0,12,6,7,26.9124,75.7873,0.2
32.0,59,0.2,954.9,8.8,0.4,0.5,0.5,1.0,13,6,7,26.9124,75.7873,0.2
32.4,58,0.2,954.1,7.1,0.5,0.7,0.7,1.0,14,6,7,26.9124,75.7873,0.3
32.6,57,0.3,953.3,7.0,0.7,1.0,1.0,1.1,15,6,7,26.9124,75.7873,0.3
32.5,57,0.3,952.3,7.2,0.8,1.2,1.3,1.3,16,6,7,26.9124,75.7873,0.1
31.9,59,0.1,952.4,6.3,0.7,1.2,1.4,1.4,17,6,7,26.9124,75.7873,0.0
31.0,66,0.0,952.4,4.7,0.4,1.1,1.4,1.4,18,6,7,26.9124,75.7873,0.0
29.7,73,0.0,952.8,4.9,0.1,0.9,1.4,1.4,19,6,7,26.9124,75.7873,0.0
29.0,76,0.0,953.3,4.6,0.0,0.7,1.4,1.4,20,6,7,26.9124,75.7873,0.0
28.9,78,0.0,953.9,2.1,0.0,0.4,1.4,1.4,21,6,7,26.9124,75.7873,0.0
28.5,80,0.0,954.0,2.2,0.0,0.1,1.3,1.4,22,6,7,26.9124,75.7873,0.0
28.6,77,0.0,953.4,3.5,0.0,0.0,1.2,1.4,23,6,7,26.9124,75.7873,0.0
27.9,80,0.0,953.0,4.0,0.0,0.0,1.1,1.4,0,0,7,26.9124,75.7873,0.0
27.3,83,0.0,952.8,5.0,0.0,0.0,0.9,1.4,1,0,7,26.9124,75.7873,0.0
26.7,86,0.0,952.4,4.7,0.0,0.0,0.7,1.4,2,0,7,26.9124,75.7873,0.0
26.4,88,0.0,952.6,5.6,0.0,0.0,0.4,1.4,3,0,7,26.9124,75.7873,0.0
26.2,90,0.0,952.7,5.8,0.0,0.0,0.1,1.4,4,0,7,26.9124,75.7873,0.0
26.9,89,0.0,952.7,4.8,0.0,0.0,0.0,1.4,5,0,7,26.9124,75.7873,0.0
26.9,89,0.0,952.7,6.2,0.0,0.0,0.0,1.4,6,0,7,26.9124,75.7873,0.0
27.8,85,0.0,952.7,5.6,0.0,0.0,0.0,1.4,7,0,7,26.9124,75.7873,0.0
29.1,79,0.0,953.1,4.3,0.0,0.0,0.0,1.4,8,0,7,26.9124,75.7873,0.1
30.4,69,0.1,953.3,2.1,0.1,0.1,0.1,1.5,9,0,7,26.9124,75.7873,0.1
31.4,64,0.1,953.6,2.3,0.2,0.2,0.2,1.5,10,0,7,26.9124,75.7873,0.0
32.2,59,0.0,953.4,2.5,0.2,0.2,0.2,1.4,11,0,7,26.9124,75.7873,0.1
32.9,60,0.1,953.1,2.1,0.2,0.3,0.3,1.4,12,0,7,26.9124,75.7873,0.0
33.3,59,0.0,952.3,3.7,0.1,0.3,0.3,1.2,13,0,7,26.9124,75.7873,0.0
33.6,59,0.0,951.6,3.3,0.1,0.3,0.3,1.0,14,0,7,26.9124,75.7873,0.0
33.6,59,0.0,951.0,4.5,0.0,0.2,0.3,0.7,15,0,7,26.9124,75.7873,0.0
32.8,62,0.0,950.1,5.7,0.0,0.1,0.3,0.4,16,0,7,26.9124,75.7873,1.2
31.7,62,1.2,950.2,5.3,1.2,1.3,1.5,1.5,17,0,7,26.9124,75.7873,0.1
31.2,69,0.1,950.6,2.0,1.3,1.3,1.6,1.6,18,0,7,26.9124,75.7873,0.0
30.4,76,0.0,950.9,3.9,1.3,1.3,1.6,1.6,19,0,7,26.9124,75.7873,0.1
29.8,76,0.1,951.3,8.1,0.2,1.4,1.7,1.7,20,0,7,26.9124,75.7873,0.0
29.1,80,0.0,951.4,6.5,0.1,1.4,1.6,1.7,21,0,7,26.9124,75.7873,0.0
28.2,83,0.0,952.5,5.2,0.1,1.4,1.5,1.7,22,0,7,26.9124,75.7873,2.0
29.2,81,2.0,952.3,6.1,2.0,2.2,3.5,3.7,23,0,7,26.9124,75.7873,0.4
26.6,88,0.4,952.8,17.3,2.4,2.5,3.8,4.1,0,1,7,26.9124,75.7873,0.3
25.5,95,0.3,951.3,2.2,2.7,2.8,4.1,4.4,1,1,7,26.9124,75.7873,0.0
25.7,96,0.0,951.3,6.2,0.7,2.7,4.1,4.4,2,1,7,26.9124,75.7873,0.0
25.8,96,0.0,950.7,3.8,0.3,2.7,4.1,4.4,3,1,7,26.9124,75.7873,0.0
25.8,97,0.0,951.1,5.2,0.0,2.7,4.1,4.4,4,1,7,26.9124,75.7873,0.0
26.3,94,0.0,951.2,7.8,0.0,0.7,2.9,4.4,5,1,7,26.9124,75.7873,2.6
25.8,96,2.6,951.5,5.4,2.6,2.9,5.4,7.0,6,1,7,26.9124,75.7873,7.2
25.3,96,7.2,952.2,4.2,9.8,9.8,12.6,14.2,7,1,7,26.9124,75.7873,14.3
25.4,93,14.3,953.5,2.8,24.1,24.1,26.8,28.5,8,1,7,26.9124,75.7873,5.8
25.2,95,5.8,953.2,6.3,27.3,29.9,32.6,34.2,9,1,7,26.9124,75.7873,1.9
25.6,95,1.9,953.4,7.5,22.0,31.8,34.5,36.0,10,1,7,26.9124,75.7873,0.1
29.7,77,0.1,953.5,10.9,7.8,31.9,32.6,36.1,11,1,7,26.9124,75.7873,0.2
28.6,81,0.2,953.0,8.8,2.2,29.5,32.4,36.2,12,1,7,26.9124,75.7873,0.1
30.9,73,0.1,952.2,4.6,0.4,22.4,32.2,36.3,13,1,7,26.9124,75.7873,0.0
32.0,66,0.0,951.6,6.8,0.3,8.1,32.2,36.3,14,1,7,26.9124,75.7873,0.2
32.0,66,0.2,951.6,4.7,0.3,2.5,32.4,36.5,15,1,7,26.9124,75.7873,0.8
29.9,75,0.8,951.2,7.5,1.0,1.4,33.2,37.3,16,1,7,26.9124,75.7873,0.2
27.2,90,0.2,951.2,7.2,1.2,1.5,33.4,36.3,17,1,7,26.9124,75.7873,0.9
26.7,93,0.9,951.6,12.2,1.9,2.2,31.7,37.1,18,1,7,26.9124,75.7873,1.0
25.5,96,1.0,952.4,6.9,2.1,3.1,25.5,38.1,19,1,7,26.9124,75.7873,0.3
25.7,96,0.3,952.3,1.8,2.2,3.4,11.5,38.3,20,1,7,26.9124,75.7873,0.1
25.7,98,0.1,953.0,1.4,1.4,3.3,5.8,38.4,21,1,7,26.9124,75.7873,0.0
25.7,97,0.0,953.6,1.9,0.4,2.5,3.9,38.4,22,1,7,26.9124,75.7873,0.0
25.7,97,0.0,953.3,4.2,0.1,2.3,3.8,36.4,23,1,7,26.9124,75.7873,0.0
25.5,97,0.0,953.1,4.7,0.0,1.4,3.6,36.0,0,2,7,26.9124,75.7873,0.0
25.4,96,0.0,953.0,4.6,0.0,0.4,3.5,35.7,1,2,7,26.9124,75.7873,0.0
25.3,96,0.0,952.6,5.3,0.0,0.1,3.5,35.7,2,2,7,26.9124,75.7873,0.0
25.3,96,0.0,952.6,6.4,0.0,0.0,3.3,35.7,3,2,7,26.9124,75.7873,0.0
25.4,95,0.0,952.6,4.8,0.0,0.0,2.5,35.7,4,2,7,26.9124,75.7873,0.0
26.7,93,0.0,952.6,4.5,0.0,0.0,2.3,35.7,5,2,7,26.9124,75.7873,0.0
26.7,92,0.0,952.8,6.2,0.0,0.0,1.4,33.1,6,2,7,26.9124,75.7873,0.1
26.4,89,0.1,953.4,10.1,0.1,0.1,0.5,26.0,7,2,7,26.9124,75.7873,0.7
26.8,89,0.7,953.9,11.4,0.8,0.8,0.9,12.4,8,2,7,26.9124,75.7873,0.3
27.4,86,0.3,954.4,8.4,1.1,1.1,1.1,6.9,9,2,7,26.9124,75.7873,0.7
27.9,84,0.7,954.5,9.9,1.7,1.8,1.8,5.7,10,2,7,26.9124,75.7873,0.3
31.1,70,0.3,954.5,7.8,1.3,2.1,2.1,5.9,11,2,7,26.9124,75.7873,0.2
32.3,64,0.2,954.0,7.1,1.2,2.3,2.3,5.9,12,2,7,26.9124,75.7873,0.2
32.2,63,0.2,953.2,7.7,0.7,2.4,2.5,6.0,13,2,7,26.9124,75.7873,0.2
32.4,62,0.2,952.6,6.0,0.6,1.9,2.7,6.2,14,2,7,26.9124,75.7873,0.0
30.1,75,0.0,951.8,8.2,0.4,1.6,2.7,6.0,15,2,7,26.9124,75.7873,0.1
30.9,72,0.1,951.3,3.1,0.3,1.0,2.8,5.3,16,2,7,26.9124,75.7873,0.1
30.4,74,0.1,951.3,1.3,0.2,0.8,2.9,5.2,17,2,7,26.9124,75.7873,0.0
30.1,76,0.0,951.2,1.9,0.2,0.6,2.9,4.3,18,2,7,26.9124,75.7873,0.0
29.1,84,0.0,951.6,3.2,0.1,0.4,2.8,3.3,19,2,7,26.9124,75.7873,0.0
28.8,87,0.0,952.5,2.4,0.0,0.2,2.1,3.0,20,2,7,26.9124,75.7873,0.0
28.4,89,0.0,953.0,2.3,0.0,0.2,1.8,2.9,21,2,7,26.9124,75.7873,0.0
28.1,89,0.0,953.1,2.5,0.0,0.1,1.1,2.9,22,2,7,26.9124,75.7873,0.0
28.2,89,0.0,953.1,4.9,0.0,0.0,0.8,2.9,23,2,7,26.9124,75.7873,0.0
27.8,91,0.0,952.1,4.0,0.0,0.0,0.6,2.9,0,3,7,26.9124,75.7873,0.0
27.6,92,0.0,952.0,5.1,0.0,0.0,0.4,2.9,1,3,7,26.9124,75.7873,0.0
27.5,93,0.0,951.3,3.9,0.0,0.0,0.2,2.9,2,3,7,26.9124,75.7873,0.0
27.4,92,0.0,951.1,4.0,0.0,0.0,0.2,2.9,3,3,7,26.9124,75.7873,2.6
24.9,98,2.6,951.7,6.9,2.6,2.6,2.7,5.5,4,3,7,26.9124,75.7873,1.2
25.5,98,1.2,951.3,6.2,3.8,3.8,3.8,6.7,5,3,7,26.9124,75.7873,1.6
25.2,95,1.6,951.6,7.1,5.4,5.4,5.4,8.3,6,3,7,26.9124,75.7873,0.0
26.4,93,0.0,952.1,7.2,2.8,5.4,5.4,8.2,7,3,7,26.9124,75.7873,0.0
27.9,83,0.0,952.7,5.8,1.6,5.4,5.4,7.5,8,3,7,26.9124,75.7873,0.0
29.6,75,0.0,953.1,3.3,0.0,5.4,5.4,7.2,9,3,7,26.9124,75.7873,0.0
31.1,68,0.0,953.2,2.7,0.0,2.8,5.4,6.5,10,3,7,26.9124,75.7873,0.1
31.8,61,0.1,953.2,5.0,0.1,1.7,5.5,6.3,11,3,7,26.9124,75.7873,0.2
32.6,58,0.2,952.7,6.6,0.3,0.3,5.7,6.3,12,3,7,26.9124,75.7873,0.3
33.1,56,0.3,952.1,7.2,0.6,0.6,6.0,6.4,13,3,7,26.9124,75.7873,0.1
33.5,55,0.1,950.9,7.9,0.6,0.7,6.1,6.3,14,3,7,26.9124,75.7873,0.1
33.5,54,0.1,950.2,8.1,0.5,0.8,6.2,6.4,15,3,7,26.9124,75.7873,0.0
33.3,55,0.0,949.6,7.7,0.2,0.8,3.6,6.3,16,3,7,26.9124,75.7873,0.0
31.6,65,0.0,949.4,7.1,0.1,0.7,2.4,6.2,17,3,7,26.9124,75.7873,0.0
31.4,68,0.0,949.4,2.6,0.0,0.5,0.8,6.2,18,3,7,26.9124,75.7873,0.0
30.4,75,0.0,950.1,3.7,0.0,0.2,0.8,6.2,19,3,7,26.9124,75.7873,0.0
29.7,76,0.0,950.9,7.0,0.0,0.1,0.8,6.2,20,3,7,26.9124,75.7873,0.0
29.4,75,0.0,951.8,7.3,0.0,0.0,0.8,6.2,21,3,7,26.9124,75.7873,0.0
29.0,75,0.0,952.2,7.6,0.0,0.0,0.8,6.2,22,3,7,26.9124,75.7873,0.0
29.0,75,0.0,952.1,13.1,0.0,0.0,0.7,6.2,23,3,7,26.9124,75.7873,0.0
28.3,78,0.0,951.4,10.5,0.0,0.0,0.5,6.2,0,4,7,26.9124,75.7873,0.0
27.7,81,0.0,951.3,10.2,0.0,0.0,0.2,6.2,1,4,7,26.9124,75.7873,0.0
27.0,84,0.0,951.0,10.6,0.0,0.0,0.1,6.2,2,4,7,26.9124,75.7873,0.0
26.6,86,0.0,950.9,9.9,0.0,0.0,0.0,6.2,3,4,7,26.9124,75.7873,0.0
26.4,87,0.0,951.0,9.9,0.0,0.0,0.0,3.6,4,4,7,26.9124,75.7873,0.0
27.1,88,0.0,950.7,9.3,0.0,0.0,0.0,2.4,5,4,7,26.9124,75.7873,0.0
27.0,88,0.0,950.7,11.0,0.0,0.0,0.0,0.8,6,4,7,26.9124,75.7873,0.1
27.5,84,0.1,951.7,13.5,0.1,0.1,0.1,0.9,7,4,7,26.9124,75.7873,0.1
28.1,82,0.1,952.0,13.7,0.2,0.2,0.2,1.0,8,4,7,26.9124,75.7873,0.1
29.0,76,0.1,952.4,13.3,0.3,0.3,0.3,1.1,9,4,7,26.9124,75.7873,0.1
30.4,68,0.1,952.6,12.9,0.3,0.4,0.4,1.2,10,4,7,26.9124,75.7873,0.0
31.2,64,0.0,952.6,14.5,0.2,0.4,0.4,1.1,11,4,7,26.9124,75.7873,0.1
31.8,60,0.1,951.9,15.0,0.2,0.5,0.5,1.0,12,4,7,26.9124,75.7873,0.1
32.1,62,0.1,951.5,14.3,0.2,0.5,0.6,0.8,13,4,7,26.9124,75.7873,0.0
32.4,60,0.0,950.4,15.2,0.2,0.4,0.6,0.7,14,4,7,26.9124,75.7873,0.1
31.9,62,0.1,949.7,16.0,0.2,0.4,0.7,0.7,15,4,7,26.9124,75.7873,0.0
31.6,64,0.0,949.1,14.7,0.1,0.3,0.7,0.7,16,4,7,26.9124,75.7873,0.2
31.1,65,0.2,949.1,15.6,0.3,0.5,0.9,0.9,17,4,7,26.9124,75.7873,0.0
30.4,68,0.0,949.6,11.4,0.2,0.4,0.9,0.9,18,4,7,26.9124,75.7873,0.0
29.5,72,0.0,950.3,11.4,0.2,0.3,0.8,0.9,19,4,7,26.9124,75.7873,0.0
29.1,74,0.0,951.0,13.3,0.0,0.3,0.7,0.9,20,4,7,26.9124,75.7873,0.0
28.5,79,0.0,951.8,13.0,0.0,0.2,0.6,0.9,21,4,7,26.9124,75.7873,0.0
27.7,81,0.0,952.2,11.8,0.0,0.2,0.5,0.9,22,4,7,26.9124,75.7873,0.0
27.7,83,0.0,951.8,13.5,0.0,0.0,0.5,0.9,23,4,7,26.9124,75.7873,0.1
27.4,85,0.1,951.4,11.5,0.1,0.1,0.5,1.0,0,5,8,26.9124,75.7873,0.0
27.2,84,0.0,950.9,13.5,0.1,0.1,0.4,1.0,1,5,8,26.9124,75.7873,0.0
26.8,84,0.0,950.5,12.8,0.1,0.1,0.4,1.0,2,5,8,26.9124,75.7873,0.0
26.5,86,0.0,950.5,12.4,0.0,0.1,0.3,1.0,3,5,8,26.9124,75.7873,0.0
26.2,88,0.0,950.5,13.2,0.0,0.1,0.3,1.0,4,5,8,26.9124,75.7873,0.0
25.9,95,0.0,950.6,12.6,0.0,0.1,0.1,1.0,5,5,8,26.9124,75.7873,0.0
26.2,93,0.0,950.9,12.8,0.0,0.0,0.1,1.0,6,5,8,26.9124,75.7873,0.1
26.7,90,0.1,951.2,13.9,0.1,0.1,0.2,1.0,7,5,8,26.9124,75.7873,0.1
27.6,85,0.1,951.6,15.0,0.2,0.2,0.3,1.0,8,5,8,26.9124,75.7873,0.0
28.8,79,0.0,951.8,14.3,0.2,0.2,0.3,0.9,9,5,8,26.9124,75.7873,0.0
30.1,74,0.0,951.9,13.9,0.1,0.2,0.3,0.8,10,5,8,26.9124,75.7873,0.0
30.3,68,0.0,951.7,15.3,0.0,0.2,0.3,0.8,11,5,8,26.9124,75.7873,0.1
31.3,67,0.1,951.5,14.3,0.1,0.3,0.3,0.8,12,5,8,26.9124,75.7873,0.0
32.1,63,0.0,950.7,15.1,0.1,0.2,0.3,0.7,13,5,8,26.9124,75.7873,0.1
31.9,63,0.1,949.8,15.1,0.2,0.2,0.4,0.8,14,5,8,26.9124,75.7873,0.1
32.1,61,0.1,949.3,14.0,0.2,0.3,0.5,0.8,15,5,8,26.9124,75.7873,0.1
31.7,61,0.1,948.9,13.5,0.3,0.4,0.6,0.9,16,5,8,26.9124,75.7873,0.0
30.9,66,0.0,949.1,13.1,0.2,0.4,0.6,0.7,17,5,8,26.9124,75.7873,0.0
30.0,70,0.0,949.3,10.5,0.1,0.3,0.6,0.7,18,5,8,26.9124,75.7873,0.0
29.0,74,0.0,950.1,8.3,0.0,0.3,0.5,0.7,19,5,8,26.9124,75.7873,0.0
28.4,78,0.0,950.8,7.8,0.0,0.2,0.4,0.7,20,5,8,26.9124,75.7873,0.4
26.7,88,0.4,951.6,11.6,0.4,0.5,0.8,1.1,21,5,8,26.9124,75.7873,4.3
25.5,95,4.3,952.7,9.7,4.7,4.7,5.1,5.4,22,5,8,26.9124,75.7873,2.2
26.0,96,2.2,952.1,10.6,6.9,6.9,7.3,7.6,23,5,8,26.9124,75.7873,0.0
25.9,95,0.0,951.8,8.2,6.5,6.9,7.2,7.5,0,6,8,26.9124,75.7873,0.0
25.7,94,0.0,951.5,8.8,2.2,6.9,7.2,7.5,1,6,8,26.9124,75.7873,0.0
25.6,94,0.0,951.2,8.4,0.0,6.9,7.1,7.5,2,6,8,26.9124,75.7873,0.0
25.6,94,0.0,951.3,7.4,0.0,6.5,7.0,7.5,3,6,8,26.9124,75.7873,0.0
25.6,93,0.0,951.6,6.2,0.0,2.2,6.9,7.5,4,6,8,26.9124,75.7873,0.0
25.6,97,0.0,951.8,7.3,0.0,0.0,6.9,7.5,5,6,8,26.9124,75.7873,0.0
25.7,96,0.0,952.3,8.1,0.0,0.0,6.9,7.5,6,6,8,26.9124,75.7873,0.0
26.5,91,0.0,952.7,7.5,0.0,0.0,6.9,7.4,7,6,8,26.9124,75.7873,0.1
27.6,83,0.1,953.2,9.6,0.1,0.1,7.0,7.4,8,6,8,26.9124,75.7873,0.0
28.7,76,0.0,953.1,10.3,0.1,0.1,6.6,7.4,9,6,8,26.9124,75.7873,0.1
30.0,70,0.1,953.3,10.1,0.2,0.2,2.4,7.5,10,6,8,26.9124,75.7873,0.0
30.8,65,0.0,953.5,11.4,0.1,0.2,0.2,7.5,11,6,8,26.9124,75.7873,0.0
31.6,62,0.0,953.0,11.1,0.1,0.2,0.2,7.4,12,6,8,26.9124,75.7873,0.1
32.2,59,0.1,952.7,10.9,0.1,0.3,0.3,7.5,13,6,8,26.9124,75.7873,0.2
32.6,57,0.2,951.7,10.4,0.3,0.4,0.5,7.6,14,6,8,26.9124,75.7873,0.6
31.1,64,0.6,951.3,13.1,0.9,1.0,1.1,8.1,15,6,8,26.9124,75.7873,1.2
27.8,88,1.2,950.9,4.9,2.0,2.1,2.3,9.2,16,6,8,26.9124,75.7873,3.6
30.2,75,3.6,950.7,8.1,5.4,5.7,5.9,12.8,17,6,8,26.9124,75.7873,0.0
29.4,80,0.0,951.7,6.5,4.8,5.7,5.9,12.8,18,6,8,26.9124,75.7873,0.0
28.9,83,0.0,951.7,6.6,3.6,5.6,5.9,12.8,19,6,8,26.9124,75.7873,0.0
28.3,86,0.0,952.9,3.5,0.0,5.4,5.8,12.8,20,6,8,26.9124,75.7873,0.1
28.1,88,0.1,953.5,2.3,0.1,4.9,5.9,12.5,21,6,8,26.9124,75.7873,0.2
27.0,91,0.2,953.7,10.1,0.3,3.9,6.0,8.4,22,6,8,26.9124,75.7873,0.1
26.6,95,0.1,953.6,3.3,0.4,0.4,6.1,6.3,23,6,8,26.9124,75.7873,0.0
26.7,95,0.0,953.2,4.5,0.3,0.4,6.1,6.3,0,0,8,26.9124,75.7873,0.2
26.4,95,0.2,953.0,4.8,0.3,0.6,6.2,6.5,1,0,8,26.9124,75.7873,0.1
26.1,97,0.1,952.7,5.5,0.3,0.7,6.1,6.6,2,0,8,26.9124,75.7873,0.0
26.0,97,0.0,952.8,4.6,0.3,0.6,5.5,6.6,3,0,8,26.9124,75.7873,0.3
25.9,96,0.3,952.8,6.2,0.4,0.7,4.6,6.9,4,0,8,26.9124,75.7873,0.0
26.0,97,0.0,952.4,5.6,0.3,0.6,1.0,6.9,5,0,8,26.9124,75.7873,0.1
26.2,97,0.1,953.3,4.0,0.4,0.7,1.1,7.0,6,0,8,26.9124,75.7873,0.2
26.4,93,0.2,953.5,6.2,0.3,0.7,1.3,7.2,7,0,8,26.9124,75.7873,0.1
27.8,85,0.1,953.8,9.1,0.4,0.7,1.4,7.2,8,0,8,26.9124,75.7873,0.5
28.7,78,0.5,954.7,8.6,0.8,1.2,1.8,7.7,9,0,8,26.9124,75.7873,1.1
28.1,86,1.1,955.2,9.5,1.7,2.0,2.7,8.7,10,0,8,26.9124,75.7873,0.5
29.5,74,0.5,954.7,9.9,2.1,2.5,3.1,9.2,11,0,8,26.9124,75.7873,0.4
30.1,74,0.4,954.7,11.4,2.0,2.8,3.5,9.6,12,0,8,26.9124,75.7873,0.2
30.7,72,0.2,954.3,9.8,1.1,2.8,3.5,9.7,13,0,8,26.9124,75.7873,2.0
29.1,79,2.0,953.4,12.7,2.6,4.7,5.4,11.5,14,0,8,26.9124,75.7873,0.3
29.6,75,0.3,952.9,10.8,2.5,4.5,5.7,11.2,15,0,8,26.9124,75.7873,0.2
29.4,75,0.2,952.7,11.3,2.5,3.6,5.6,10.2,16,0,8,26.9124,75.7873,0.5
29.2,78,0.5,952.6,13.0,1.0,3.6,6.1,7.1,17,0,8,26.9124,75.7873,0.2
28.4,84,0.2,952.6,10.5,0.9,3.4,6.2,7.3,18,0,8,26.9124,75.7873,0.7
27.3,91,0.7,953.5,4.7,1.4,3.9,6.7,8.0,19,0,8,26.9124,75.7873,0.5
27.0,94,0.5,954.0,9.5,1.4,2.4,7.1,8.5,20,0,8,26.9124,75.7873,0.0
27.2,92,0.0,954.9,5.8,1.2,2.1,6.6,8.4,21,0,8,26.9124,75.7873,0.0
27.1,91,0.0,954.7,8.9,0.5,1.9,5.5,8.2,22,0,8,26.9124,75.7873,0.0
27.3,92,0.0,955.2,3.2,0.0,1.4,5.0,8.1,23,0,8,26.9124,75.7873,0.3
26.2,95,0.3,954.9,9.1,0.3,1.5,4.9,8.4,0,1,8,26.9124,75.7873,0.3
25.8,97,0.3,954.8,5.6,0.6,1.1,5.0,8.5,1,1,8,26.9124,75.7873,0.2
25.7,97,0.2,954.4,3.6,0.8,0.8,3.2,8.6,2,1,8,26.9124,75.7873,0.1
25.7,96,0.1,954.5,4.5,0.6,0.9,3.0,8.7,3,1,8,26.9124,75.7873,0.0
25.9,96,0.0,954.5,5.1,0.3,0.9,2.8,8.4,4,1,8,26.9124,75.7873,0.0
26.3,93,0.0,953.9,10.7,0.1,0.9,2.3,8.4,5,1,8,26.9124,75.7873,0.7
26.0,93,0.7,954.7,10.2,0.7,1.3,2.8,9.0,6,1,8,26.9124,75.7873,0.7
26.2,93,0.7,955.6,11.5,1.4,1.7,2.8,9.5,7,1,8,26.9124,75.7873,0.7
26.4,90,0.7,956.1,15.8,2.1,2.2,3.0,10.1,8,1,8,26.9124,75.7873,0.1
27.2,84,0.1,956.5,15.4,1.5,2.2,3.1,9.7,9,1,8,26.9124,75.7873,0.0
28.0,79,0.0,956.7,15.2,0.8,2.2,3.1,8.6,10,1,8,26.9124,75.7873,0.0
29.0,73,0.0,956.9,14.5,0.1,2.2,3.1,8.1,11,1,8,26.9124,75.7873,0.1
29.7,73,0.1,956.4,12.4,0.1,1.6,2.9,7.8,12,1,8,26.9124,75.7873,0.1
29.7,73,0.1,955.6,14.4,0.2,1.0,2.7,7.7,13,1,8,26.9124,75.7873,0.1
29.8,72,0.1,955.2,12.8,0.3,0.4,2.6,5.8,14,1,8,26.9124,75.7873,2.7
26.2,90,2.7,954.8,13.6,2.9,3.0,5.2,8.2,15,1,8,26.9124,75.7873,1.4
26.8,93,1.4,954.0,7.3,4.2,4.4,6.6,9.4,16,1,8,26.9124,75.7873,0.0
28.7,79,0.0,954.2,8.4,4.1,4.4,6.6,8.9,17,1,8,26.9124,75.7873,0.1
28.3,81,0.1,954.6,6.8,1.5,4.4,6.0,8.8,18,1,8,26.9124,75.7873,0.0
27.6,86,0.0,954.6,7.3,0.1,4.3,5.3,8.1,19,1,8,26.9124,75.7873,0.0
27.5,87,0.0,954.9,7.9,0.1,4.2,4.6,7.6,20,1,8,26.9124,75.7873,0.0
27.6,86,0.0,955.5,8.5,0.0,1.5,4.5,7.6,21,1,8,26.9124,75.7873,0.0
27.4,85,0.0,955.6,8.5,0.0,0.1,4.5,7.6,22,1,8,26.9124,75.7873,0.0
27.5,86,0.0,955.1,9.0,0.0,0.1,4.5,7.6,23,1,8,26.9124,75.7873,0.0
27.2,87,0.0,954.4,7.9,0.0,0.0,4.4,7.3,0,2,8,26.9124,75.7873,0.0
26.9,87,0.0,954.2,7.6,0.0,0.0,4.3,7.0,1,2,8,26.9124,75.7873,0.0
26.3,90,0.0,953.7,7.7,0.0,0.0,4.2,6.8,2,2,8,26.9124,75.7873,0.0
26.0,91,0.0,953.6,8.2,0.0,0.0,1.5,6.7,3,2,8,26.9124,75.7873,0.0
25.4,92,0.0,953.8,11.0,0.0,0.0,0.1,6.7,4,2,8,26.9124,75.7873,0.0
26.2,86,0.0,953.4,14.5,0.0,0.0,0.1,6.7,5,2,8,26.9124,75.7873,0.0
25.9,87,0.0,953.9,12.0,0.0,0.0,0.0,6.0,6,2,8,26.9124,75.7873,0.0
26.6,87,0.0,954.4,9.4,0.0,0.0,0.0,5.3,7,2,8,26.9124,75.7873,0.0
27.9,83,0.0,954.6,12.9,0.0,0.0,0.0,4.6,8,2,8,26.9124,75.7873,0.0
29.0,77,0.0,954.7,14.2,0.0,0.0,0.0,4.5,9,2,8,26.9124,75.7873,0.0
30.3,71,0.0,954.6,12.2,0.0,0.0,0.0,4.5,10,2,8,26.9124,75.7873,0.1
30.5,71,0.1,954.4,13.2,0.1,0.1,0.1,4.6,11,2,8,26.9124,75.7873,0.1
31.3,67,0.1,954.0,11.5,0.2,0.2,0.2,4.6,12,2,8,26.9124,75.7873,0.0
32.3,63,0.0,953.3,8.9,0.2,0.2,0.2,4.5,13,2,8,26.9124,75.7873,4.2
26.0,94,4.2,953.0,9.7,4.3,4.4,4.4,8.6,14,2,8,26.9124,75.7873,0.7
27.9,84,0.7,952.4,3.3,4.9,5.1,5.1,6.6,15,2,8,26.9124,75.7873,0.1
29.2,76,0.1,951.9,8.4,5.0,5.2,5.2,5.3,16,2,8,26.9124,75.7873,0.1
30.9,71,0.1,951.7,6.1,0.9,5.2,5.3,5.4,17,2,8,26.9124,75.7873,0.6
27.6,87,0.6,952.3,7.0,0.8,5.7,5.9,5.9,18,2,8,26.9124,75.7873,0.2
27.1,92,0.2,952.5,3.4,0.9,5.9,6.1,6.1,19,2,8,26.9124,75.7873,0.0
27.2,90,0.0,953.0,6.4,0.8,1.7,6.1,6.1,20,2,8,26.9124,75.7873,0.0
27.1,90,0.0,953.8,8.1,0.2,1.0,6.1,6.1,21,2,8,26.9124,75.7873,0.0
26.9,90,0.0,953.8,7.3,0.0,0.9,6.1,6.1,22,2,8,26.9124,75.7873,0.0
27.7,91,0.0,953.6,9.8,0.0,0.8,6.0,6.1,23,2,8,26.9124,75.7873,0.0
27.2,91,0.0,952.7,9.9,0.0,0.2,5.9,6.1,0,3,8,26.9124,75.7873,0.0
27.0,91,0.0,952.1,10.2,0.0,0.0,5.9,6.1,1,3,8,26.9124,75.7873,0.0
26.8,91,0.0,952.0,9.5,0.0,0.0,1.7,6.1,2,3,8,26.9124,75.7873,0.0
26.9,89,0.0,952.2,9.8,0.0,0.0,1.0,6.1,3,3,8,26.9124,75.7873,0.0
26.7,89,0.0,952.6,7.1,0.0,0.0,0.9,6.1,4,3,8,26.9124,75.7873,0.0
26.8,85,0.0,952.0,10.5,0.0,0.0,0.8,6.1,5,3,8,26.9124,75.7873,0.0
26.7,85,0.0,952.8,10.1,0.0,0.0,0.2,6.1,6,3,8,26.9124,75.7873,0.1
27.3,81,0.1,953.4,12.8,0.1,0.1,0.1,6.2,7,3,8,26.9124,75.7873,0.1
27.1,79,0.1,954.5,3.6,0.2,0.2,0.2,6.3,8,3,8,26.9124,75.7873,0.0
27.4,80,0.0,954.7,9.2,0.2,0.2,0.2,6.3,9,3,8,26.9124,75.7873,0.0
28.3,77,0.0,954.8,9.2,0.1,0.2,0.2,6.3,10,3,8,26.9124,75.7873,0.0
29.3,74,0.0,954.7,7.1,0.0,0.2,0.2,6.2,11,3,8,26.9124,75.7873,0.1
29.9,71,0.1,954.6,4.1,0.1,0.3,0.3,6.2,12,3,8,26.9124,75.7873,0.0
30.6,69,0.0,953.9,3.8,0.1,0.2,0.3,6.2,13,3,8,26.9124,75.7873,3.5
26.2,93,3.5,953.4,14.1,3.6,3.6,3.8,5.5,14,3,8,26.9124,75.7873,1.5
25.7,95,1.5,952.6,5.2,5.0,5.1,5.3,6.3,15,3,8,26.9124,75.7873,0.0
26.6,89,0.0,952.2,2.8,5.0,5.1,5.3,6.2,16,3,8,26.9124,75.7873,0.0
29.4,75,0.0,951.9,6.1,1.5,5.1,5.3,6.1,17,3,8,26.9124,75.7873,0.0
28.7,80,0.0,952.1,3.6,0.0,5.0,5.3,5.5,18,3,8,26.9124,75.7873,0.0
28.0,86,0.0,952.8,4.6,0.0,5.0,5.2,5.3,19,3,8,26.9124,75.7873,0.0
27.4,89,0.0,953.2,7.2,0.0,1.5,5.1,5.3,20,3,8,26.9124,75.7873,0.0
27.1,89,0.0,953.7,6.5,0.0,0.0,5.1,5.3,21,3,8,26.9124,75.7873,4.6
25.5,94,4.6,954.8,10.5,4.6,4.6,9.7,9.9,22,3,8,26.9124,75.7873,4.1
26.8,89,4.1,953.9,9.6,8.7,8.7,13.8,14.0,23,3,8,26.9124,75.7873,0.0
25.4,90,0.0,953.3,11.5,8.7,8.7,13.7,14.0,0,4,8,26.9124,75.7873,0.0
25.0,90,0.0,952.9,11.9,4.1,8.7,13.7,14.0,1,4,8,26.9124,75.7873,0.0
25.2,88,0.0,952.4,10.8,0.0,8.7,10.2,14.0,2,4,8,26.9124,75.7873,0.0
25.0,89,0.0,952.3,10.9,0.0,8.7,8.7,14.0,3,4,8,26.9124,75.7873,0.0
25.2,87,0.0,952.3,12.2,0.0,4.1,8.7,14.0,4,4,8,26.9124,75.7873,0.0
25.9,90,0.0,952.0,12.8,0.0,0.0,8.7,14.0,5,4,8,26.9124,75.7873,0.0
26.1,88,0.0,952.6,12.5,0.0,0.0,8.7,14.0,6,4,8,26.9124,75.7873,0.1
26.6,87,0.1,953.1,12.7,0.1,0.1,8.8,14.0,7,4,8,26.9124,75.7873,0.4
26.2,89,0.4,953.5,15.8,0.5,0.5,9.2,14.3,8,4,8,26.9124,75.7873,0.5
25.9,91,0.5,953.8,14.5,1.0,1.0,9.7,14.8,9,4,8,26.9124,75.7873,0.1
26.9,85,0.1,953.9,14.4,1.0,1.1,5.2,14.9,10,4,8,26.9124,75.7873,0.0
28.0,75,0.0,954.6,18.9,0.6,1.1,1.1,14.9,11,4,8,26.9124,75.7873,0.1
28.1,77,0.1,953.7,13.8,0.2,1.2,1.2,14.9,12,4,8,26.9124,75.7873,0.0
29.1,72,0.0,953.0,14.0,0.1,1.1,1.2,14.9,13,4,8,26.9124,75.7873,0.0
29.3,71,0.0,952.8,13.0,0.1,0.7,1.2,11.4,14,4,8,26.9124,75.7873,0.0
29.6,69,0.0,952.3,11.9,0.0,0.2,1.2,9.9,15,4,8,26.9124,75.7873,0.0
29.3,71,0.0,951.6,12.0,0.0,0.1,1.2,9.9,16,4,8,26.9124,75.7873,0.0
29.0,76,0.0,951.3,14.0,0.0,0.1,1.2,9.9,17,4,8,26.9124,75.7873,0.0
28.5,80,0.0,951.3,8.2,0.0,0.0,1.2,9.9,18,4,8,26.9124,75.7873,0.0
27.8,83,0.0,952.1,9.1,0.0,0.0,1.1,9.9,19,4,8,26.9124,75.7873,0.0
27.3,86,0.0,952.6,9.5,0.0,0.0,0.7,9.9,20,4,8,26.9124,75.7873,0.0
27.0,88,0.0,953.3,6.9,0.0,0.0,0.2,9.9,21,4,8,26.9124,75.7873,0.0
26.6,88,0.0,953.7,7.4,0.0,0.0,0.1,5.3,22,4,8,26.9124,75.7873,0.0
26.9,86,0.0,953.2,8.8,0.0,0.0,0.1,1.2,23,4,8,26.9124,75.7873,0.0
26.2,89,0.0,953.2,7.6,0.0,0.0,0.0,1.2,0,5,8,26.9124,75.7873,0.0
25.7,91,0.0,952.3,8.1,0.0,0.0,0.0,1.2,1,5,8,26.9124,75.7873,0.0
25.3,93,0.0,952.3,7.3,0.0,0.0,0.0,1.2,2,5,8,26.9124,75.7873,0.0
25.1,94,0.0,952.4,5.7,0.0,0.0,0.0,1.2,3,5,8,26.9124,75.7873,0.0
24.9,95,0.0,952.4,6.4,0.0,0.0,0.0,1.2,4,5,8,26.9124,75.7873,0.0
24.9,97,0.0,952.2,9.1,0.0,0.0,0.0,1.2,5,5,8,26.9124,75.7873,0.4
24.9,96,0.4,952.7,9.2,0.4,0.4,0.4,1.6,6,5,8,26.9124,75.7873,0.6
25.1,96,0.6,953.0,11.0,1.0,1.0,1.0,2.1,7,5,8,26.9124,75.7873,0.1
26.1,90,0.1,953.5,9.9,1.1,1.1,1.1,1.8,8,5,8,26.9124,75.7873,0.1
28.1,79,0.1,954.0,9.6,0.8,1.2,1.2,1.4,9,5,8,26.9124,75.7873,0.2
29.2,76,0.2,954.5,10.2,0.4,1.4,1.4,1.5,10,5,8,26.9124,75.7873,0.2
29.3,68,0.2,954.7,13.5,0.5,1.6,1.6,1.7,11,5,8,26.9124,75.7873,0.1
29.8,68,0.1,954.3,12.1,0.5,1.3,1.7,1.7,12,5,8,26.9124,75.7873,0.2
29.6,69,0.2,953.7,10.7,0.5,0.9,1.9,1.9,13,5,8,26.9124,75.7873,0.1
30.7,65,0.1,953.2,9.4,0.4,0.9,2.0,2.0,14,5,8,26.9124,75.7873,0.2
30.4,65,0.2,952.7,9.6,0.5,1.0,2.2,2.2,15,5,8,26.9124,75.7873,0.0
29.9,69,0.0,951.9,10.0,0.3,0.8,2.2,2.2,16,5,8,26.9124,75.7873,0.1
30.1,74,0.1,952.0,6.3,0.3,0.7,2.3,2.3,17,5,8,26.9124,75.7873,0.2
28.9,80,0.2,952.5,4.3,0.3,0.8,2.1,2.5,18,5,8,26.9124,75.7873,0.4
27.7,88,0.4,953.0,4.3,0.7,1.0,1.9,2.9,19,5,8,26.9124,75.7873,0.0
27.3,90,0.0,953.8,3.4,0.6,0.9,1.8,2.9,20,5,8,26.9124,75.7873,0.0
27.0,92,0.0,954.5,3.1,0.4,0.7,1.7,2.9,21,5,8,26.9124,75.7873,0.0
26.6,94,0.0,954.9,5.4,0.0,0.7,1.5,2.9,22,5,8,26.9124,75.7873,0.0
26.6,95,0.0,954.6,6.0,0.0,0.6,1.3,2.9,23,5,8,26.9124,75.7873,0.0
26.2,95,0.0,954.7,5.2,0.0,0.4,1.2,2.9,0,6,8,26.9124,75.7873,1.0
25.8,96,1.0,954.4,4.0,1.0,1.0,2.0,3.9,1,6,8,26.9124,75.7873,0.4
25.8,96,0.4,954.2,5.4,1.4,1.4,2.3,4.3,2,6,8,26.9124,75.7873,0.2
25.6,97,0.2,954.0,3.3,1.6,1.6,2.3,4.5,3,6,8,26.9124,75.7873,0.0
25.6,98,0.0,954.0,3.1,0.6,1.6,2.3,4.5,4,6,8,26.9124,75.7873,0.0
25.2,98,0.0,953.6,5.6,0.2,1.6,2.2,4.5,5,6,8,26.9124,75.7873,0.0
25.4,97,0.0,954.4,6.7,0.0,1.6,2.0,4.1,6,6,8,26.9124,75.7873,0.1
26.2,94,0.1,955.0,4.8,0.1,0.7,1.7,3.6,7,6,8,26.9124,75.7873,0.2
27.4,89,0.2,955.5,3.4,0.3,0.5,1.9,3.7,8,6,8,26.9124,75.7873,0.1
28.8,83,0.1,956.1,4.2,0.4,0.4,2.0,3.7,9,6,8,26.9124,75.7873,0.2
30.5,73,0.2,956.2,6.8,0.5,0.6,2.2,3.7,10,6,8,26.9124,75.7873,0.4
30.6,71,0.4,955.6,1.4,0.7,1.0,2.6,3.9,11,6,8,26.9124,75.7873,0.4
29.8,77,0.4,955.5,1.8,1.0,1.4,3.0,4.2,12,6,8,26.9124,75.7873,0.3
29.4,79,0.3,954.8,6.2,1.1,1.6,2.3,4.3,13,6,8,26.9124,75.7873,0.2
30.7,74,0.2,954.3,5.4,0.9,1.6,2.1,4.4,14,6,8,26.9124,75.7873,0.2
30.8,74,0.2,953.4,2.7,0.7,1.7,2.1,4.4,15,6,8,26.9124,75.7873,0.1
31.0,73,0.1,953.0,0.9,0.5,1.6,2.2,4.5,16,6,8,26.9124,75.7873,0.2
31.4,67,0.2,953.0,2.4,0.5,1.4,2.4,4.6,17,6,8,26.9124,75.7873,0.0
30.4,75,0.0,953.4,2.8,0.3,1.0,2.4,4.4,18,6,8,26.9124,75.7873,0.0
29.2,83,0.0,954.0,1.3,0.2,0.7,2.3,4.0,19,6,8,26.9124,75.7873,0.6
27.2,89,0.6,954.9,10.4,0.6,1.1,2.7,4.6,20,6,8,26.9124,75.7873,0.3
27.0,93,0.3,955.0,1.3,0.9,1.2,2.9,4.9,21,6,8,26.9124,75.7873,0.0
26.6,96,0.0,955.5,4.7,0.9,1.1,2.7,4.9,22,6,8,26.9124,75.7873,0.0
27.1,95,0.0,954.6,4.1,0.3,0.9,2.3,4.9,23,6,8,26.9124,75.7873,0.0
26.7,95,0.0,954.7,4.6,0.0,0.9,1.9,4.9,0,0,8,26.9124,75.7873,0.0
26.5,95,0.0,954.1,5.5,0.0,0.9,1.6,3.9,1,0,8,26.9124,75.7873,0.0
26.2,95,0.0,953.8,6.1,0.0,0.3,1.4,3.5,2,0,8,26.9124,75.7873,0.0
26.1,95,0.0,953.4,6.9,0.0,0.0,1.2,3.3,3,0,8,26.9124,75.7873,0.0
26.1,96,0.0,953.6,6.9,0.0,0.0,1.1,3.3,4,0,8,26.9124,75.7873,0.0
26.4,93,0.0,953.3,8.4,0.0,0.0,0.9,3.3,5,0,8,26.9124,75.7873,0.1
26.1,91,0.1,953.7,8.4,0.1,0.1,1.0,3.4,6,0,8,26.9124,75.7873,1.1
26.4,94,1.1,954.2,6.1,1.2,1.2,2.1,4.4,7,0,8,26.9124,75.7873,0.8
27.0,89,0.8,955.0,5.8,2.0,2.0,2.3,5.0,8,0,8,26.9124,75.7873,0.6
28.3,87,0.6,955.1,5.9,2.5,2.6,2.6,5.5,9,0,8,26.9124,75.7873,0.2
30.5,75,0.2,955.3,5.8,1.6,2.8,2.8,5.5,10,0,8,26.9124,75.7873,0.0
31.6,66,0.0,955.0,5.6,0.8,2.8,2.8,5.1,11,0,8,26.9124,75.7873,0.1
31.8,65,0.1,954.4,6.6,0.3,2.8,2.9,4.8,12,0,8,26.9124,75.7873,0.2
32.2,65,0.2,954.2,6.7,0.3,1.9,3.1,4.7,13,0,8,26.9124,75.7873,1.0
30.0,75,1.0,953.3,6.6,1.3,2.1,4.1,5.5,14,0,8,26.9124,75.7873,0.0
31.5,69,0.0,952.7,4.8,1.2,1.5,4.1,5.3,15,0,8,26.9124,75.7873,0.1
31.6,70,0.1,952.2,1.6,1.1,1.4,4.2,5.3,16,0,8,26.9124,75.7873,2.7
28.9,82,2.7,952.6,5.3,2.8,4.1,6.9,7.8,17,0,8,26.9124,75.7873,0.0
28.5,81,0.0,953.0,5.7,2.8,4.0,6.8,7.8,18,0,8,26.9124,75.7873,0.0
27.9,84,0.0,953.1,7.7,2.7,3.8,5.7,7.8,19,0,8,26.9124,75.7873,0.0
27.8,87,0.0,953.8,7.5,0.0,2.8,4.9,7.2,20,0,8,26.9124,75.7873,0.0
27.4,88,0.0,954.2,6.8,0.0,2.8,4.3,6.9,21,0,8,26.9124,75.7873,0.0
27.0,89,0.0,954.4,4.8,0.0,2.7,4.1,6.9,22,0,8,26.9124,75.7873,0.0
27.4,90,0.0,953.5,4.7,0.0,0.0,4.1,6.9,23,0,8,26.9124,75.7873,0.0
27.0,91,0.0,953.9,4.8,0.0,0.0,4.0,6.9,0,1,8,26.9124,75.7873,0.7
26.4,93,0.7,953.8,2.0,0.7,0.7,4.5,7.6,1,1,8,26.9124,75.7873,0.5
26.1,97,0.5,953.3,3.4,1.2,1.2,4.0,8.1,2,1,8,26.9124,75.7873,0.1
25.9,98,0.1,953.2,1.9,1.3,1.3,4.1,8.2,3,1,8,26.9124,75.7873,0.0
26.0,97,0.0,953.1,0.9,0.6,1.3,4.0,8.2,4,1,8,26.9124,75.7873,0.0
26.2,98,0.0,953.5,5.6,0.1,1.3,1.3,8.2,5,1,8,26.9124,75.7873,0.0
26.0,98,0.0,954.0,2.4,0.0,1.3,1.3,8.1,6,1,8,26.9124,75.7873,0.0
26.8,94,0.0,954.5,4.0,0.0,0.6,1.3,7.0,7,1,8,26.9124,75.7873,0.1
28.0,88,0.1,955.2,5.4,0.1,0.2,1.4,6.3,8,1,8,26.9124,75.7873,0.1
29.4,81,0.1,955.6,3.1,0.2,0.2,1.5,5.8,9,1,8,26.9124,75.7873,0.2
30.4,78,0.2,955.5,3.8,0.4,0.4,1.7,5.8,10,1,8,26.9124,75.7873,0.2
31.8,70,0.2,955.1,3.1,0.5,0.6,1.9,6.0,11,1,8,26.9124,75.7873,0.1
31.9,69,0.1,954.5,3.9,0.5,0.7,2.0,6.0,12,1,8,26.9124,75.7873,0.1
32.5,66,0.1,953.9,5.2,0.4,0.8,1.4,5.9,13,1,8,26.9124,75.7873,0.2
31.5,70,0.2,952.4,7.0,0.4,0.9,1.1,5.1,14,1,8,26.9124,75.7873,4.2
27.5,86,4.2,952.4,15.6,4.5,5.0,5.2,9.3,15,1,8,26.9124,75.7873,2.1
27.1,92,2.1,952.6,7.9,6.5,6.9,7.3,11.3,16,1,8,26.9124,75.7873,0.3
27.2,93,0.3,952.6,10.3,6.6,7.0,7.6,8.9,17,1,8,26.9124,75.7873,0.4
27.5,92,0.4,953.9,4.2,2.8,7.3,8.0,9.3,18,1,8,26.9124,75.7873,0.0
27.1,93,0.0,954.0,2.9,0.7,7.2,8.0,9.3,19,1,8,26.9124,75.7873,0.2
27.0,95,0.2,954.3,4.0,0.6,7.2,8.1,9.5,20,1,8,26.9124,75.7873,0.5
27.0,96,0.5,954.9,0.9,0.7,3.5,8.5,10.0,21,1,8,26.9124,75.7873,0.2
26.8,97,0.2,955.1,2.2,0.9,1.6,8.5,10.2,22,1,8,26.9124,75.7873,0.4
27.2,98,0.4,955.1,6.3,1.1,1.7,8.7,10.6,23,1,8,26.9124,75.7873,1.5
26.2,94,1.5,955.0,7.8,2.1,2.8,10.1,12.1,0,2,8,26.9124,75.7873,0.8
26.1,97,0.8,954.5,4.0,2.7,3.6,10.8,12.2,1,2,8,26.9124,75.7873,0.0
25.9,98,0.0,954.1,4.4,2.3,3.4,10.6,11.7,2,2,8,26.9124,75.7873,0.0
25.8,99,0.0,954.2,4.2,0.8,2.9,6.4,11.6,3,2,8,26.9124,75.7873,0.0
25.8,96,0.0,954.2,4.6,0.0,2.7,4.3,11.6,4,2,8,26.9124,75.7873,0.3
25.9,99,0.3,954.2,1.6,0.3,2.6,4.3,11.9,5,2,8,26.9124,75.7873,0.2
25.7,99,0.2,954.7,6.7,0.5,1.3,4.1,12.1,6,2,8,26.9124,75.7873,0.0
26.5,96,0.0,955.4,6.4,0.5,0.5,4.1,12.1,7,2,8,26.9124,75.7873,0.0
28.1,88,0.0,955.9,3.2,0.2,0.5,3.9,12.0,8,2,8,26.9124,75.7873,0.2
29.4,78,0.2,956.3,2.4,0.2,0.7,3.6,12.1,9,2,8,26.9124,75.7873,0.2
30.6,73,0.2,956.3,3.0,0.4,0.9,3.6,12.1,10,2,8,26.9124,75.7873,0.2
31.9,65,0.2,956.0,5.0,0.6,0.8,3.4,12.1,11,2,8,26.9124,75.7873,0.0
31.8,64,0.0,955.5,5.4,0.4,0.6,1.9,12.0,12,2,8,26.9124,75.7873,0.1
31.7,64,0.1,954.9,3.4,0.3,0.7,1.2,12.0,13,2,8,26.9124,75.7873,0.2
31.4,66,0.2,954.4,3.7,0.3,0.9,1.4,12.0,14,2,8,26.9124,75.7873,0.3
31.3,69,0.3,954.2,1.9,0.6,1.0,1.7,8.1,15,2,8,26.9124,75.7873,2.4
29.3,81,2.4,953.4,5.7,2.9,3.2,4.1,8.4,16,2,8,26.9124,75.7873,0.3
29.7,77,0.3,953.9,3.9,3.0,3.3,4.1,8.4,17,2,8,26.9124,75.7873,0.0
28.9,81,0.0,954.6,5.1,2.7,3.3,3.9,8.0,18,2,8,26.9124,75.7873,0.0
27.9,87,0.0,955.4,7.5,0.3,3.2,3.9,8.0,19,2,8,26.9124,75.7873,0.0
26.4,86,0.0,956.0,5.0,0.0,3.0,3.9,7.8,20,2,8,26.9124,75.7873,0.0
26.0,88,0.0,956.7,3.7,0.0,2.7,3.7,7.3,21,2,8,26.9124,75.7873,0.0
25.7,91,0.0,956.5,2.2,0.0,0.3,3.5,7.1,22,2,8,26.9124,75.7873,0.0
26.5,90,0.0,956.6,4.5,0.0,0.0,3.3,6.7,23,2,8,26.9124,75.7873,0.0
26.1,92,0.0,956.4,4.6,0.0,0.0,3.3,5.2,0,3,8,26.9124,75.7873,0.0
25.8,92,0.0,955.9,4.2,0.0,0.0,3.2,4.4,1,3,8,26.9124,75.7873,0.0
25.6,94,0.0,955.5,2.2,0.0,0.0,3.0,4.4,2,3,8,26.9124,75.7873,0.0
25.5,94,0.0,955.3,1.4,0.0,0.0,2.7,4.4,3,3,8,26.9124,75.7873,0.0
25.5,95,0.0,955.2,3.7,0.0,0.0,0.3,4.4,4,3,8,26.9124,75.7873,0.0
25.8,100,0.0,955.1,5.3,0.0,0.0,0.0,4.1,5,3,8,26.9124,75.7873,0.0
25.5,100,0.0,955.3,5.9,0.0,0.0,0.0,3.9,6,3,8,26.9124,75.7873,0.0
26.7,95,0.0,955.7,3.5,0.0,0.0,0.0,3.9,7,3,8,26.9124,75.7873,0.0
28.5,82,0.0,956.3,3.1,0.0,0.0,0.0,3.9,8,3,8,26.9124,75.7873,0.1
29.8,73,0.1,956.6,3.3,0.1,0.1,0.1,3.8,9,3,8,26.9124,75.7873,0.1
30.9,65,0.1,956.7,3.7,0.2,0.2,0.2,3.7,10,3,8,26.9124,75.7873,0.1
31.2,66,0.1,957.1,6.2,0.3,0.3,0.3,3.6,11,3,8,26.9124,75.7873,0.1
32.0,63,0.1,956.6,4.9,0.3,0.4,0.4,3.7,12,3,8,26.9124,75.7873,0.1
32.3,60,0.1,955.6,7.6,0.3,0.5,0.5,3.7,13,3,8,26.9124,75.7873,0.1
32.5,58,0.1,955.1,7.7,0.3,0.6,0.6,3.6,14,3,8,26.9124,75.7873,0.1
32.3,58,0.1,954.3,7.9,0.3,0.6,0.7,3.4,15,3,8,26.9124,75.7873,0.6
30.7,69,0.6,954.0,8.0,0.8,1.1,1.3,1.6,16,3,8,26.9124,75.7873,0.1
31.1,66,0.1,954.2,6.9,0.8,1.1,1.4,1.4,17,3,8,26.9124,75.7873,0.0
30.3,73,0.0,954.6,3.2,0.7,1.0,1.4,1.4,18,3,8,26.9124,75.7873,0.0
29.5,80,0.0,954.8,1.5,0.1,0.9,1.4,1.4,19,3,8,26.9124,75.7873,0.0
29.0,83,0.0,955.8,2.2,0.0,0.8,1.4,1.4,20,3,8,26.9124,75.7873,0.0
28.6,83,0.0,956.2,4.8,0.0,0.7,1.3,1.4,21,3,8,26.9124,75.7873,0.0
28.2,80,0.0,956.2,6.9,0.0,0.1,1.2,1.4,22,3,8,26.9124,75.7873,0.0
28.0,85,0.0,955.7,6.5,0.0,0.0,1.1,1.4,23,3,8,26.9124,75.7873,0.0
27.5,86,0.0,955.4,6.9,0.0,0.0,1.0,1.4,0,4,8,26.9124,75.7873,0.0
27.3,84,0.0,955.0,8.3,0.0,0.0,0.9,1.4,1,4,8,26.9124,75.7873,0.0
26.9,86,0.0,954.9,7.6,0.0,0.0,0.8,1.4,2,4,8,26.9124,75.7873,0.0
26.6,87,0.0,954.6,8.4,0.0,0.0,0.7,1.4,3,4,8,26.9124,75.7873,0.0
26.4,87,0.0,954.8,8.7,0.0,0.0,0.1,1.4,4,4,8,26.9124,75.7873,0.0
26.6,88,0.0,954.9,10.9,0.0,0.0,0.0,1.4,5,4,8,26.9124,75.7873,0.0
26.4,89,0.0,955.3,10.9,0.0,0.0,0.0,1.4,6,4,8,26.9124,75.7873,0.0
27.2,86,0.0,955.9,10.6,0.0,0.0,0.0,1.4,7,4,8,26.9124,75.7873,0.0
28.1,82,0.0,956.6,10.2,0.0,0.0,0.0,1.4,8,4,8,26.9124,75.7873,0.0
29.3,78,0.0,956.9,8.8,0.0,0.0,0.0,1.3,9,4,8,26.9124,75.7873,0.1
30.0,75,0.1,956.5,9.3,0.1,0.1,0.1,1.3,10,4,8,26.9124,75.7873,0.3
30.5,69,0.3,957.0,5.2,0.4,0.4,0.4,1.5,11,4,8,26.9124,75.7873,0.2
31.1,67,0.2,957.0,4.3,0.6,0.6,0.6,1.6,12,4,8,26.9124,75.7873,0.0
31.8,63,0.0,956.6,4.2,0.5,0.6,0.6,1.5,13,4,8,26.9124,75.7873,0.0
31.8,62,0.0,955.9,5.1,0.2,0.6,0.6,1.4,14,4,8,26.9124,75.7873,0.0
31.5,65,0.0,955.2,5.4,0.0,0.6,0.6,1.3,15,4,8,26.9124,75.7873,0.5
28.8,81,0.5,954.4,7.1,0.5,1.0,1.1,1.2,16,4,8,26.9124,75.7873,0.5
29.4,78,0.5,954.7,6.8,1.0,1.2,1.6,1.6,17,4,8,26.9124,75.7873,0.0
29.0,82,0.0,954.9,3.0,1.0,1.0,1.6,1.6,18,4,8,26.9124,75.7873,0.0
28.5,86,0.0,955.2,0.9,0.5,1.0,1.6,1.6,19,4,8,26.9124,75.7873,0.0
28.2,88,0.0,956.0,0.2,0.0,1.0,1.6,1.6,20,4,8,26.9124,75.7873,0.0
28.1,89,0.0,956.5,1.0,0.0,1.0,1.6,1.6,21,4,8,26.9124,75.7873,0.0
27.7,91,0.0,956.5,3.1,0.0,0.5,1.5,1.6,22,4,8,26.9124,75.7873,0.0
27.7,90,0.0,956.2,5.5,0.0,0.0,1.2,1.6,23,4,8,26.9124,75.7873,0.0
27.1,91,0.0,955.5,5.1,0.0,0.0,1.0,1.6,0,5,8,26.9124,75.7873,0.0
27.0,89,0.0,955.7,4.9,0.0,0.0,1.0,1.6,1,5,8,26.9124,75.7873,0.0
26.8,89,0.0,955.6,4.7,0.0,0.0,1.0,1.6,2,5,8,26.9124,75.7873,0.2
26.7,90,0.2,955.5,5.9,0.2,0.2,1.2,1.8,3,5,8,26.9124,75.7873,0.0
26.5,91,0.0,955.5,6.1,0.2,0.2,0.7,1.8,4,5,8,26.9124,75.7873,0.0
26.1,91,0.0,955.6,9.6,0.2,0.2,0.2,1.8,5,5,8,26.9124,75.7873,0.0
25.9,89,0.0,956.5,10.1,0.0,0.2,0.2,1.8,6,5,8,26.9124,75.7873,0.0
26.8,84,0.0,956.8,9.7,0.0,0.2,0.2,1.8,7,5,8,26.9124,75.7873,0.0
28.1,78,0.0,957.3,10.9,0.0,0.2,0.2,1.8,8,5,8,26.9124,75.7873,0.0
28.9,74,0.0,957.7,10.7,0.0,0.0,0.2,1.8,9,5,8,26.9124,75.7873,0.1
29.6,71,0.1,957.7,9.9,0.1,0.1,0.3,1.8,10,5,8,26.9124,75.7873,0.4
30.7,66,0.4,957.6,9.5,0.5,0.5,0.7,1.9,11,5,8,26.9124,75.7873,0.0
31.5,65,0.0,956.8,8.9,0.5,0.5,0.7,1.7,12,5,8,26.9124,75.7873,0.0
32.1,63,0.0,956.5,7.7,0.4,0.5,0.7,1.7,13,5,8,26.9124,75.7873,0.0
32.1,62,0.0,955.6,8.5,0.0,0.5,0.7,1.7,14,5,8,26.9124,75.7873,0.4
29.8,74,0.4,954.8,9.6,0.4,0.9,0.9,2.1,15,5,8,26.9124,75.7873,3.6
27.2,92,3.6,954.6,5.9,4.0,4.4,4.5,5.2,16,5,8,26.9124,75.7873,0.8
28.1,84,0.8,955.0,3.1,4.8,4.8,5.3,5.5,17,5,8,26.9124,75.7873,1.0
27.0,93,1.0,954.8,4.4,5.4,5.8,6.3,6.5,18,5,8,26.9124,75.7873,0.5
26.9,94,0.5,955.2,2.1,2.3,6.3,6.8,7.0,19,5,8,26.9124,75.7873,1.0
26.7,95,1.0,955.7,3.3,2.5,7.3,7.8,8.0,20,5,8,26.9124,75.7873,1.0
26.5,95,1.0,956.1,4.8,2.5,7.9,8.8,9.0,21,5,8,26.9124,75.7873,0.9
26.1,95,0.9,956.4,6.1,2.9,5.2,9.6,9.9,22,5,8,26.9124,75.7873,0.9
26.5,97,0.9,955.8,7.0,2.8,5.3,10.1,10.8,23,5,8,26.9124,75.7873,0.1
26.5,96,0.1,955.7,8.0,1.9,4.4,10.2,10.9,0,6,8,26.9124,75.7873,0.1
26.3,96,0.1,954.9,9.0,1.1,4.0,10.3,11.0,1,6,8,26.9124,75.7873,0.1
26.1,93,0.1,954.4,9.9,0.3,3.1,10.4,11.1,2,6,8,26.9124,75.7873,0.0
25.8,92,0.0,954.4,10.5,0.2,2.1,10.0,10.9,3,6,8,26.9124,75.7873,0.0
25.5,89,0.0,954.7,10.5,0.1,1.2,6.4,10.9,4,6,8,26.9124,75.7873,0.0
26.0,83,0.0,954.0,13.2,0.0,0.3,5.6,10.9,5,6,8,26.9124,75.7873,0.0
25.9,82,0.0,954.8,11.9,0.0,0.2,4.6,10.9,6,6,8,26.9124,75.7873,0.0
26.6,80,0.0,955.3,10.5,0.0,0.1,4.1,10.9,7,6,8,26.9124,75.7873,0.0
27.2,77,0.0,956.0,12.0,0.0,0.0,3.1,10.9,8,6,8,26.9124,75.7873,0.0
28.0,75,0.0,956.5,11.8,0.0,0.0,2.1,10.9,9,6,8,26.9124,75.7873,0.0
29.1,71,0.0,956.6,11.7,0.0,0.0,1.2,10.8,10,6,8,26.9124,75.7873,0.0
30.0,67,0.0,956.3,11.1,0.0,0.0,0.3,10.4,11,6,8,26.9124,75.7873,0.1
30.9,64,0.1,956.0,8.5,0.1,0.1,0.3,10.5,12,6,8,26.9124,75.7873,0.0
31.7,62,0.0,955.5,7.7,0.1,0.1,0.2,10.5,13,6,8,26.9124,75.7873,0.0
32.0,62,0.0,954.7,8.6,0.1,0.1,0.1,10.5,14,6,8,26.9124,75.7873,0.0
32.0,61,0.0,954.2,8.3,0.0,0.1,0.1,10.1,15,6,8,26.9124,75.7873,0.0
31.8,62,0.0,953.8,8.7,0.0,0.1,0.1,6.5,16,6,8,26.9124,75.7873,0.0
31.2,64,0.0,954.2,9.0,0.0,0.1,0.1,5.7,17,6,8,26.9124,75.7873,0.0
29.9,70,0.0,954.2,7.3,0.0,0.0,0.1,4.7,18,6,8,26.9124,75.7873,0.0
28.7,77,0.0,954.7,5.9,0.0,0.0,0.1,4.2,19,6,8,26.9124,75.7873,0.0
28.2,80,0.0,955.3,5.3,0.0,0.0,0.1,3.2,20,6,8,26.9124,75.7873,0.0
27.7,82,0.0,956.0,6.7,0.0,0.0,0.1,2.2,21,6,8,26.9124,75.7873,0.0
27.5,81,0.0,956.1,8.9,0.0,0.0,0.1,1.3,22,6,8,26.9124,75.7873,0.0
27.7,81,0.0,955.6,10.4,0.0,0.0,0.1,0.4,23,6,8,26.9124,75.7873,0.0
27.3,81,0.0,955.6,8.7,0.0,0.0,0.0,0.3,0,0,8,26.9124,75.7873,0.0
27.3,80,0.0,955.3,8.8,0.0,0.0,0.0,0.2,1,0,8,26.9124,75.7873,0.0
27.1,79,0.0,955.0,9.9,0.0,0.0,0.0,0.1,2,0,8,26.9124,75.7873,0.0
26.9,79,0.0,954.9,10.1,0.0,0.0,0.0,0.1,3,0,8,26.9124,75.7873,0.0
26.6,80,0.0,955.0,10.0,0.0,0.0,0.0,0.1,4,0,8,26.9124,75.7873,0.0
26.5,82,0.0,954.9,12.8,0.0,0.0,0.0,0.1,5,0,8,26.9124,75.7873,0.0
26.2,83,0.0,955.7,11.1,0.0,0.0,0.0,0.1,6,0,8,26.9124,75.7873,0.0
26.4,82,0.0,956.2,11.7,0.0,0.0,0.0,0.1,7,0,8,26.9124,75.7873,0.0
27.0,79,0.0,956.5,13.2,0.0,0.0,0.0,0.1,8,0,8,26.9124,75.7873,0.0
27.7,76,0.0,957.0,12.9,0.0,0.0,0.0,0.1,9,0,8,26.9124,75.7873,0.0
29.0,70,0.0,957.4,11.7,0.0,0.0,0.0,0.1,10,0,8,26.9124,75.7873,0.0
29.2,69,0.0,957.4,11.5,0.0,0.0,0.0,0.1,11,0,8,26.9124,75.7873,0.0
29.7,66,0.0,957.0,9.8,0.0,0.0,0.0,0.0,12,0,8,26.9124,75.7873,0.0
31.0,61,0.0,956.4,10.3,0.0,0.0,0.0,0.0,13,0,8,26.9124,75.7873,0.0
30.9,62,0.0,955.6,10.3,0.0,0.0,0.0,0.0,14,0,8,26.9124,75.7873,0.2
31.1,62,0.2,955.3,11.0,0.2,0.2,0.2,0.2,15,0,8,26.9124,75.7873,0.1
31.0,62,0.1,954.7,10.8,0.3,0.3,0.3,0.3,16,0,8,26.9124,75.7873,0.0
30.5,66,0.0,954.5,10.7,0.3,0.3,0.3,0.3,17,0,8,26.9124,75.7873,0.0
29.6,71,0.0,954.8,7.1,0.1,0.3,0.3,0.3,18,0,8,26.9124,75.7873,0.0
28.4,77,0.0,955.2,8.1,0.0,0.3,0.3,0.3,19,0,8,26.9124,75.7873,0.0
27.7,80,0.0,955.9,7.5,0.0,0.3,0.3,0.3,20,0,8,26.9124,75.7873,0.0
27.4,81,0.0,956.6,6.9,0.0,0.1,0.3,0.3,21,0,8,26.9124,75.7873,0.0
27.1,82,0.0,957.1,6.4,0.0,0.0,0.3,0.3,22,0,8,26.9124,75.7873,0.0
27.7,79,0.0,956.8,9.2,0.0,0.0,0.3,0.3,23,0,8,26.9124,75.7873,0.0
27.3,77,0.0,956.7,11.4,0.0,0.0,0.3,0.3,0,1,8,26.9124,75.7873,0.0
26.9,76,0.0,956.3,11.5,0.0,0.0,0.3,0.3,1,1,8,26.9124,75.7873,0.0
26.4,78,0.0,956.0,9.9,0.0,0.0,0.3,0.3,2,1,8,26.9124,75.7873,0.0
25.9,81,0.0,955.6,8.1,0.0,0.0,0.1,0.3,3,1,8,26.9124,75.7873,0.0
25.4,83,0.0,955.9,7.2,0.0,0.0,0.0,0.3,4,1,8,26.9124,75.7873,0.0
25.6,84,0.0,956.0,9.5,0.0,0.0,0.0,0.3,5,1,8,26.9124,75.7873,0.0
25.5,84,0.0,956.5,9.9,0.0,0.0,0.0,0.3,6,1,8,26.9124,75.7873,0.0
26.3,82,0.0,957.0,8.9,0.0,0.0,0.0,0.3,7,1,8,26.9124,75.7873,0.0
27.4,77,0.0,957.6,12.3,0.0,0.0,0.0,0.3,8,1,8,26.9124,75.7873,0.0
28.7,71,0.0,958.0,12.1,0.0,0.0,0.0,0.3,9,1,8,26.9124,75.7873,0.0
29.7,67,0.0,958.3,9.4,0.0,0.0,0.0,0.3,10,1,8,26.9124,75.7873,0.0
30.6,62,0.0,958.5,8.6,0.0,0.0,0.0,0.3,11,1,8,26.9124,75.7873,0.0
31.0,60,0.0,958.1,8.1,0.0,0.0,0.0,0.3,12,1,8,26.9124,75.7873,0.0
31.6,58,0.0,957.4,7.6,0.0,0.0,0.0,0.3,13,1,8,26.9124,75.7873,0.0
31.9,56,0.0,956.5,7.9,0.0,0.0,0.0,0.3,14,1,8,26.9124,75.7873,0.0
31.8,55,0.0,955.9,9.2,0.0,0.0,0.0,0.1,15,1,8,26.9124,75.7873,0.0
31.4,58,0.0,955.5,9.5,0.0,0.0,0.0,0.0,16,1,8,26.9124,75.7873,0.0
30.9,62,0.0,955.0,9.1,0.0,0.0,0.0,0.0,17,1,8,26.9124,75.7873,0.0
29.9,69,0.0,955.6,4.8,0.0,0.0,0.0,0.0,18,1,8,26.9124,75.7873,0.0
28.9,75,0.0,956.1,4.7,0.0,0.0,0.0,0.0,19,1,8,26.9124,75.7873,0.0
28.3,78,0.0,956.7,4.4,0.0,0.0,0.0,0.0,20,1,8,26.9124,75.7873,0.0
27.8,82,0.0,957.4,3.5,0.0,0.0,0.0,0.0,21,1,8,26.9124,75.7873,0.0
27.5,81,0.0,957.5,6.1,0.0,0.0,0.0,0.0,22,1,8,26.9124,75.7873,0.0
27.5,77,0.0,957.2,9.2,0.0,0.0,0.0,0.0,23,1,8,26.9124,75.7873,0.0
26.9,76,0.0,956.8,8.8,0.0,0.0,0.0,0.0,0,2,8,26.9124,75.7873,0.0
26.3,77,0.0,956.4,8.5,0.0,0.0,0.0,0.0,1,2,8,26.9124,75.7873,0.0
25.8,78,0.0,956.1,8.0,0.0,0.0,0.0,0.0,2,2,8,26.9124,75.7873,0.0
25.3,80,0.0,955.9,7.4,0.0,0.0,0.0,0.0,3,2,8,26.9124,75.7873,0.0
24.9,82,0.0,956.4,6.4,0.0,0.0,0.0,0.0,4,2,8,26.9124,75.7873,0.0
25.6,83,0.0,956.1,8.7,0.0,0.0,0.0,0.0,5,2,8,26.9124,75.7873,0.0
25.5,84,0.0,956.8,8.0,0.0,0.0,0.0,0.0,6,2,8,26.9124,75.7873,0.0
26.5,81,0.0,957.6,7.0,0.0,0.0,0.0,0.0,7,2,8,26.9124,75.7873,0.0
27.6,76,0.0,958.2,9.2,0.0,0.0,0.0,0.0,8,2,8,26.9124,75.7873,0.0
28.9,71,0.0,958.7,9.9,0.0,0.0,0.0,0.0,9,2,8,26.9124,75.7873,0.0
30.0,66,0.0,958.5,6.8,0.0,0.0,0.0,0.0,10,2,8,26.9124,75.7873,0.0
30.7,61,0.0,958.7,6.2,0.0,0.0,0.0,0.0,11,2,8,26.9124,75.7873,0.0
31.2,59,0.0,958.1,6.8,0.0,0.0,0.0,0.0,12,2,8,26.9124,75.7873,0.0
31.6,56,0.0,957.6,6.9,0.0,0.0,0.0,0.0,13,2,8,26.9124,75.7873,0.0
32.1,54,0.0,956.8,7.2,0.0,0.0,0.0,0.0,14,2,8,26.9124,75.7873,0.0
32.1,53,0.0,956.3,7.9,0.0,0.0,0.0,0.0,15,2,8,26.9124,75.7873,0.0
31.8,54,0.0,955.8,7.9,0.0,0.0,0.0,0.0,16,2,8,26.9124,75.7873,0.0
31.5,57,0.0,956.0,7.2,0.0,0.0,0.0,0.0,17,2,8,26.9124,75.7873,0.0
30.2,66,0.0,956.0,5.8,0.0,0.0,0.0,0.0,18,2,8,26.9124,75.7873,0.0
29.0,73,0.0,956.5,4.1,0.0,0.0,0.0,0.0,19,2,8,26.9124,75.7873,0.0
28.5,74,0.0,957.1,5.9,0.0,0.0,0.0,0.0,20,2,8,26.9124,75.7873,0.0
28.0,75,0.0,957.8,6.1,0.0,0.0,0.0,0.0,21,2,8,26.9124,75.7873,0.0
27.8,76,0.0,957.9,6.4,0.0,0.0,0.0,0.0,22,2,8,26.9124,75.7873,0.0
27.5,75,0.0,957.7,9.6,0.0,0.0,0.0,0.0,23,2,8,26.9124,75.7873,0.0
26.9,76,0.0,957.5,7.5,0.0,0.0,0.0,0.0,0,3,8,26.9124,75.7873,0.0
26.5,77,0.0,957.3,7.5,0.0,0.0,0.0,0.0,1,3,8,26.9124,75.7873,0.0
26.1,78,0.0,956.8,8.4,0.0,0.0,0.0,0.0,2,3,8,26.9124,75.7873,0.0
25.9,79,0.0,956.6,9.0,0.0,0.0,0.0,0.0,3,3,8,26.9124,75.7873,0.0
25.6,80,0.0,956.9,9.0,0.0,0.0,0.0,0.0,4,3,8,26.9124,75.7873,0.0
26.2,77,0.0,956.8,10.4,0.0,0.0,0.0,0.0,5,3,8,26.9124,75.7873,0.0
25.9,79,0.0,957.4,9.2,0.0,0.0,0.0,0.0,6,3,8,26.9124,75.7873,0.0
26.5,77,0.0,958.1,9.0,0.0,0.0,0.0,0.0,7,3,8,26.9124,75.7873,0.0
27.2,76,0.0,958.3,8.2,0.0,0.0,0.0,0.0,8,3,8,26.9124,75.7873,0.0
28.1,74,0.0,958.9,9.0,0.0,0.0,0.0,0.0,9,3,8,26.9124,75.7873,0.0
29.5,70,0.0,959.0,8.9,0.0,0.0,0.0,0.0,10,3,8,26.9124,75.7873,0.0
30.9,59,0.0,958.8,7.1,0.0,0.0,0.0,0.0,11,3,8,26.9124,75.7873,0.0
31.7,56,0.0,958.0,5.1,0.0,0.0,0.0,0.0,12,3,8,26.9124,75.7873,0.0
32.1,55,0.0,957.6,4.7,0.0,0.0,0.0,0.0,13,3,8,26.9124,75.7873,0.0
32.2,55,0.0,956.6,5.4,0.0,0.0,0.0,0.0,14,3,8,26.9124,75.7873,0.2
32.0,55,0.2,956.2,4.8,0.2,0.2,0.2,0.2,15,3,8,26.9124,75.7873,0.2
31.8,57,0.2,955.7,5.6,0.4,0.4,0.4,0.4,16,3,8,26.9124,75.7873,0.2
31.5,59,0.2,956.1,4.9,0.6,0.6,0.6,0.6,17,3,8,26.9124,75.7873,0.1
30.1,65,0.1,956.3,2.4,0.5,0.7,0.7,0.7,18,3,8,26.9124,75.7873,0.0
28.8,78,0.0,956.4,3.1,0.3,0.7,0.7,0.7,19,3,8,26.9124,75.7873,0.0
28.1,85,0.0,956.8,2.5,0.1,0.7,0.7,0.7,20,3,8,26.9124,75.7873,0.0
27.8,85,0.0,957.4,3.5,0.0,0.5,0.7,0.7,21,3,8,26.9124,75.7873,0.0
27.5,80,0.0,957.6,6.8,0.0,0.3,0.7,0.7,22,3,8,26.9124,75.7873,0.0
27.7,79,0.0,957.2,7.9,0.0,0.1,0.7,0.7,23,3,8,26.9124,75.7873,0.0
27.3,78,0.0,957.1,8.0,0.0,0.0,0.7,0.7,0,4,8,26.9124,75.7873,0.0
26.9,78,0.0,956.6,8.8,0.0,0.0,0.7,0.7,1,4,8,26.9124,75.7873,0.0
26.6,78,0.0,956.4,9.0,0.0,0.0,0.7,0.7,2,4,8,26.9124,75.7873,0.0
26.3,77,0.0,956.1,9.8,0.0,0.0,0.5,0.7,3,4,8,26.9124,75.7873,0.0
26.1,77,0.0,956.3,10.2,0.0,0.0,0.3,0.7,4,4,8,26.9124,75.7873,0.0
26.2,78,0.0,956.2,11.8,0.0,0.0,0.1,0.7,5,4,8,26.9124,75.7873,0.0
26.1,78,0.0,956.5,11.5,0.0,0.0,0.0,0.7,6,4,8,26.9124,75.7873,0.0
26.7,77,0.0,957.2,9.5,0.0,0.0,0.0,0.7,7,4,8,26.9124,75.7873,0.0
27.8,74,0.0,957.9,9.5,0.0,0.0,0.0,0.7,8,4,8,26.9124,75.7873,0.0
28.4,73,0.0,958.1,8.8,0.0,0.0,0.0,0.7,9,4,8,26.9124,75.7873,0.0
30.1,66,0.0,958.5,9.5,0.0,0.0,0.0,0.7,10,4,8,26.9124,75.7873,0.0
30.7,63,0.0,958.2,10.0,0.0,0.0,0.0,0.7,11,4,8,26.9124,75.7873,0.0
31.8,58,0.0,957.5,7.6,0.0,0.0,0.0,0.7,12,4,8,26.9124,75.7873,0.1
32.5,55,0.1,956.5,5.6,0.1,0.1,0.1,0.8,13,4,8,26.9124,75.7873,0.1
33.0,53,0.1,955.9,4.2,0.2,0.2,0.2,0.9,14,4,8,26.9124,75.7873,0.1
32.9,54,0.1,955.4,5.2,0.3,0.3,0.3,0.8,15,4,8,26.9124,75.7873,0.7
30.1,66,0.7,955.1,10.1,0.9,1.0,1.0,1.3,16,4,8,26.9124,75.7873,0.1
32.3,56,0.1,954.9,6.8,0.9,1.1,1.1,1.2,17,4,8,26.9124,75.7873,0.4
30.4,71,0.4,955.2,4.6,1.2,1.5,1.5,1.5,18,4,8,26.9124,75.7873,0.0
29.3,75,0.0,955.5,7.2,0.5,1.4,1.5,1.5,19,4,8,26.9124,75.7873,0.0
28.9,76,0.0,955.8,7.2,0.4,1.3,1.5,1.5,20,4,8,26.9124,75.7873,0.0
28.6,76,0.0,956.2,6.9,0.0,1.2,1.5,1.5,21,4,8,26.9124,75.7873,0.0
28.1,78,0.0,956.4,7.6,0.0,0.5,1.5,1.5,22,4,8,26.9124,75.7873,0.0
28.0,77,0.0,955.9,9.7,0.0,0.4,1.5,1.5,23,4,8,26.9124,75.7873,0.0
27.7,74,0.0,955.8,10.3,0.0,0.0,1.5,1.5,0,5,8,26.9124,75.7873,0.0
27.3,74,0.0,955.7,9.8,0.0,0.0,1.4,1.5,1,5,8,26.9124,75.7873,0.0
26.7,75,0.0,955.5,9.6,0.0,0.0,1.3,1.5,2,5,8,26.9124,75.7873,0.0
26.3,77,0.0,955.5,10.2,0.0,0.0,1.2,1.5,3,5,8,26.9124,75.7873,0.0
26.0,79,0.0,955.6,11.7,0.0,0.0,0.5,1.5,4,5,8,26.9124,75.7873,0.0
26.4,78,0.0,955.6,12.6,0.0,0.0,0.4,1.5,5,5,8,26.9124,75.7873,0.0
26.2,78,0.0,956.3,11.7,0.0,0.0,0.0,1.5,6,5,8,26.9124,75.7873,0.0
26.9,76,0.0,957.1,10.3,0.0,0.0,0.0,1.5,7,5,8,26.9124,75.7873,0.0
27.9,72,0.0,957.3,11.9,0.0,0.0,0.0,1.5,8,5,8,26.9124,75.7873,0.0
29.1,68,0.0,958.2,11.6,0.0,0.0,0.0,1.5,9,5,8,26.9124,75.7873,0.0
30.2,65,0.0,958.4,10.3,0.0,0.0,0.0,1.5,10,5,8,26.9124,75.7873,0.0
31.4,59,0.0,958.1,9.7,0.0,0.0,0.0,1.5,11,5,8,26.9124,75.7873,0.0
32.0,58,0.0,957.4,9.4,0.0,0.0,0.0,1.5,12,5,8,26.9124,75.7873,0.0
32.7,56,0.0,956.6,8.1,0.0,0.0,0.0,1.4,13,5,8,26.9124,75.7873,0.0
32.9,56,0.0,955.7,8.5,0.0,0.0,0.0,1.3,14,5,8,26.9124,75.7873,0.0
32.7,57,0.0,955.1,8.1,0.0,0.0,0.0,1.2,15,5,8,26.9124,75.7873,0.0
32.4,57,0.0,954.3,8.6,0.0,0.0,0.0,0.5,16,5,8,26.9124,75.7873,0.0
31.9,58,0.0,954.6,7.7,0.0,0.0,0.0,0.4,17,5,8,26.9124,75.7873,0.1
30.8,64,0.1,955.2,5.8,0.1,0.1,0.1,0.1,18,5,8,26.9124,75.7873,0.0
29.6,71,0.0,955.4,6.5,0.1,0.1,0.1,0.1,19,5,8,26.9124,75.7873,0.0
29.1,71,0.0,955.7,7.4,0.1,0.1,0.1,0.1,20,5,8,26.9124,75.7873,0.0
28.5,74,0.0,956.4,7.1,0.0,0.1,0.1,0.1,21,5,8,26.9124,75.7873,0.0
28.0,76,0.0,956.7,6.8,0.0,0.1,0.1,0.1,22,5,8,26.9124,75.7873,0.0
28.1,78,0.0,956.5,7.3,0.0,0.1,0.1,0.1,23,5,8,26.9124,75.7873,0.0
27.5,80,0.0,956.4,6.6,0.0,0.0,0.1,0.1,0,6,8,26.9124,75.7873,0.0
27.2,80,0.0,956.2,7.7,0.0,0.0,0.1,0.1,1,6,8,26.9124,75.7873,0.0
26.8,81,0.0,955.8,5.9,0.0,0.0,0.1,0.1,2,6,8,26.9124,75.7873,0.0
26.5,82,0.0,955.7,5.6,0.0,0.0,0.1,0.1,3,6,8,26.9124,75.7873,0.0
26.2,83,0.0,955.7,6.9,0.0,0.0,0.1,0.1,4,6,8,26.9124,75.7873,0.0
26.9,79,0.0,955.8,9.3,0.0,0.0,0.1,0.1,5,6,8,26.9124,75.7873,0.0
26.5,80,0.0,956.8,9.1,0.0,0.0,0.0,0.1,6,6,8,26.9124,75.7873,0.0
27.2,77,0.0,957.2,10.2,0.0,0.0,0.0,0.1,7,6,8,26.9124,75.7873,0.0
28.4,71,0.0,957.8,10.8,0.0,0.0,0.0,0.1,8,6,8,26.9124,75.7873,0.0
29.6,65,0.0,958.4,9.6,0.0,0.0,0.0,0.1,9,6,8,26.9124,75.7873,0.0
31.0,60,0.0,958.8,8.2,0.0,0.0,0.0,0.1,10,6,8,26.9124,75.7873,0.0
31.9,57,0.0,959.1,7.3,0.0,0.0,0.0,0.1,11,6,8,26.9124,75.7873,0.0
32.4,56,0.0,958.5,7.4,0.0,0.0,0.0,0.1,12,6,8,26.9124,75.7873,0.0
33.0,54,0.0,957.6,6.2,0.0,0.0,0.0,0.1,13,6,8,26.9124,75.7873,0.0
33.1,54,0.0,956.7,5.4,0.0,0.0,0.0,0.1,14,6,8,26.9124,75.7873,0.1
32.9,54,0.1,956.2,5.8,0.1,0.1,0.1,0.2,15,6,8,26.9124,75.7873,0.1
32.6,54,0.1,955.6,6.1,0.2,0.2,0.2,0.3,16,6,8,26.9124,75.7873,0.0
32.9,51,0.0,955.1,7.8,0.2,0.2,0.2,0.3,17,6,8,26.9124,75.7873,0.0
31.8,57,0.0,955.7,7.1,0.1,0.2,0.2,0.2,18,6,8,26.9124,75.7873,0.0
30.5,64,0.0,956.3,5.8,0.0,0.2,0.2,0.2,19,6,8,26.9124,75.7873,0.0
30.0,66,0.0,957.3,5.3,0.0,0.2,0.2,0.2,20,6,8,26.9124,75.7873,0.0
29.4,70,0.0,958.0,3.6,0.0,0.1,0.2,0.2,21,6,8,26.9124,75.7873,0.0
28.8,73,0.0,958.0,3.5,0.0,0.0,0.2,0.2,22,6,8,26.9124,75.7873,0.0
28.7,72,0.0,957.6,8.0,0.0,0.0,0.2,0.2,23,6,8,26.9124,75.7873,0.0
28.4,70,0.0,957.2,7.8,0.0,0.0,0.2,0.2,0,0,8,26.9124,75.7873,0.0
27.9,71,0.0,956.9,9.7,0.0,0.0,0.2,0.2,1,0,8,26.9124,75.7873,0.0
27.4,72,0.0,956.4,11.3,0.0,0.0,0.2,0.2,2,0,8,26.9124,75.7873,0.0
27.0,74,0.0,956.3,11.6,0.0,0.0,0.1,0.2,3,0,8,26.9124,75.7873,0.0
26.7,76,0.0,956.6,11.6,0.0,0.0,0.0,0.2,4,0,8,26.9124,75.7873,0.0
26.9,75,0.0,956.9,13.2,0.0,0.0,0.0,0.2,5,0,8,26.9124,75.7873,0.0
26.5,78,0.0,957.3,14.0,0.0,0.0,0.0,0.2,6,0,8,26.9124,75.7873,0.0
27.0,77,0.0,957.6,12.6,0.0,0.0,0.0,0.2,7,0,8,26.9124,75.7873,0.0
28.3,72,0.0,957.9,13.4,0.0,0.0,0.0,0.2,8,0,8,26.9124,75.7873,0.0
29.8,66,0.0,958.6,13.6,0.0,0.0,0.0,0.2,9,0,8,26.9124,75.7873,0.0
31.2,61,0.0,958.5,14.1,0.0,0.0,0.0,0.2,10,0,8,26.9124,75.7873,0.0
32.2,56,0.0,958.5,11.8,0.0,0.0,0.0,0.2,11,0,8,26.9124,75.7873,0.1
32.2,56,0.1,957.8,9.1,0.1,0.1,0.1,0.3,12,0,8,26.9124,75.7873,0.0
32.9,52,0.0,957.4,8.9,0.1,0.1,0.1,0.3,13,0,8,26.9124,75.7873,0.2
28.9,67,0.2,956.7,13.5,0.3,0.3,0.3,0.5,14,0,8,26.9124,75.7873,1.8
27.1,84,1.8,956.5,4.9,2.0,2.1,2.1,2.2,15,0,8,26.9124,75.7873,0.0
28.0,77,0.0,956.1,4.5,2.0,2.1,2.1,2.1,16,0,8,26.9124,75.7873,0.0
30.0,68,0.0,955.4,3.9,1.8,2.1,2.1,2.1,17,0,8,26.9124,75.7873,0.0
29.6,72,0.0,956.0,3.3,0.0,2.0,2.1,2.1,18,0,8,26.9124,75.7873,0.0
28.8,78,0.0,956.6,3.6,0.0,2.0,2.1,2.1,19,0,8,26.9124,75.7873,0.0
28.5,81,0.0,957.1,3.8,0.0,1.8,2.1,2.1,20,0,8,26.9124,75.7873,0.0
28.1,83,0.0,957.5,4.4,0.0,0.0,2.1,2.1,21,0,8,26.9124,75.7873,3.3
24.2,99,3.3,958.3,5.0,3.3,3.3,5.4,5.4,22,0,8,26.9124,75.7873,0.8
26.6,88,0.8,957.3,5.6,4.1,4.1,6.2,6.2,23,0,8,26.9124,75.7873,0.0
25.8,91,0.0,957.0,4.7,4.1,4.1,6.1,6.2,0,1,8,26.9124,75.7873,0.0
25.5,91,0.0,956.6,5.1,0.8,4.1,6.1,6.2,1,1,8,26.9124,75.7873,0.0
25.3,92,0.0,956.1,5.2,0.0,4.1,5.9,6.2,2,1,8,26.9124,75.7873,0.0
25.3,93,0.0,956.2,0.5,0.0,4.1,4.1,6.2,3,1,8,26.9124,75.7873,0.4
24.2,96,0.4,956.6,10.6,0.4,1.2,4.5,6.6,4,1,8,26.9124,75.7873,0.3
25.5,99,0.3,956.3,7.5,0.7,0.7,4.8,6.9,5,1,8,26.9124,75.7873,0.0
24.8,99,0.0,956.7,5.3,0.7,0.7,4.8,6.9,6,1,8,26.9124,75.7873,1.7
23.9,99,1.7,957.9,6.2,2.0,2.4,6.5,8.6,7,1,8,26.9124,75.7873,2.1
24.5,96,2.1,958.0,3.2,3.8,4.5,8.6,10.7,8,1,8,26.9124,75.7873,0.3
26.5,89,0.3,958.3,4.3,4.1,4.8,8.9,11.0,9,1,8,26.9124,75.7873,0.0
28.9,76,0.0,958.6,6.4,2.4,4.4,5.6,11.0,10,1,8,26.9124,75.7873,0.0
28.7,77,0.0,958.4,7.6,0.3,4.1,4.8,11.0,11,1,8,26.9124,75.7873,0.1
30.5,65,0.1,958.1,7.9,0.1,4.2,4.9,11.0,12,1,8,26.9124,75.7873,0.1
30.0,65,0.1,957.2,9.0,0.2,2.6,5.0,11.1,13,1,8,26.9124,75.7873,0.0
30.5,64,0.0,956.5,8.4,0.2,0.5,5.0,10.9,14,1,8,26.9124,75.7873,0.0
31.3,59,0.0,956.2,9.9,0.1,0.2,5.0,9.1,15,1,8,26.9124,75.7873,0.0
30.8,59,0.0,955.8,9.4,0.0,0.2,4.6,9.1,16,1,8,26.9124,75.7873,0.0
30.9,63,0.0,956.1,4.4,0.0,0.2,4.3,9.1,17,1,8,26.9124,75.7873,0.0
29.8,71,0.0,956.4,2.2,0.0,0.1,4.3,9.1,18,1,8,26.9124,75.7873,0.1
28.5,82,0.1,956.8,2.9,0.1,0.1,2.7,9.2,19,1,8,26.9124,75.7873,0.0
27.5,86,0.0,957.5,7.4,0.1,0.1,0.6,9.2,20,1,8,26.9124,75.7873,0.0
26.9,88,0.0,957.7,6.5,0.1,0.1,0.3,9.2,21,1,8,26.9124,75.7873,0.0
26.5,89,0.0,957.3,6.5,0.0,0.1,0.3,5.9,22,1,8,26.9124,75.7873,0.0
27.2,89,0.0,956.9,6.1,0.0,0.1,0.3,5.1,23,1,8,26.9124,75.7873,0.0
26.9,90,0.0,957.1,5.0,0.0,0.1,0.2,5.1,0,2,8,26.9124,75.7873,0.0
26.8,91,0.0,957.0,3.3,0.0,0.0,0.1,5.1,1,2,8,26.9124,75.7873,0.0
26.5,92,0.0,956.6,2.8,0.0,0.0,0.1,5.1,2,2,8,26.9124,75.7873,0.0
26.2,93,0.0,956.2,5.0,0.0,0.0,0.1,5.1,3,2,8,26.9124,75.7873,0.0
26.0,93,0.0,956.5,7.2,0.0,0.0,0.1,4.7,4,2,8,26.9124,75.7873,0.0
26.3,93,0.0,956.5,7.4,0.0,0.0,0.1,4.4,5,2,8,26.9124,75.7873,0.0
26.2,91,0.0,956.4,10.2,0.0,0.0,0.1,4.4,6,2,8,26.9124,75.7873,0.0
27.1,86,0.0,957.0,9.9,0.0,0.0,0.0,2.7,7,2,8,26.9124,75.7873,0.0
28.2,78,0.0,957.3,13.5,0.0,0.0,0.0,0.6,8,2,8,26.9124,75.7873,0.0
29.5,72,0.0,958.2,11.9,0.0,0.0,0.0,0.3,9,2,8,26.9124,75.7873,0.0
30.5,69,0.0,958.4,12.7,0.0,0.0,0.0,0.3,10,2,8,26.9124,75.7873,0.1
31.6,62,0.1,957.9,14.7,0.1,0.1,0.1,0.4,11,2,8,26.9124,75.7873,0.1
32.3,58,0.1,957.6,12.2,0.2,0.2,0.2,0.4,12,2,8,26.9124,75.7873,0.0
32.9,54,0.0,956.7,10.0,0.2,0.2,0.2,0.3,13,2,8,26.9124,75.7873,0.0
33.1,52,0.0,955.9,9.7,0.1,0.2,0.2,0.3,14,2,8,26.9124,75.7873,0.0
33.2,51,0.0,955.3,7.9,0.0,0.2,0.2,0.3,15,2,8,26.9124,75.7873,0.0
32.8,53,0.0,954.5,7.5,0.0,0.2,0.2,0.3,16,2,8,26.9124,75.7873,0.0
33.0,55,0.0,954.6,6.3,0.0,0.1,0.2,0.3,17,2,8,26.9124,75.7873,0.1
30.2,71,0.1,955.0,5.2,0.1,0.1,0.3,0.4,18,2,8,26.9124,75.7873,0.0
28.3,82,0.0,955.4,6.9,0.1,0.1,0.3,0.3,19,2,8,26.9124,75.7873,0.0
27.4,87,0.0,955.9,6.2,0.1,0.1,0.3,0.3,20,2,8,26.9124,75.7873,0.0
27.2,87,0.0,956.3,6.0,0.0,0.1,0.3,0.3,21,2,8,26.9124,75.7873,0.0
27.3,86,0.0,956.6,5.4,0.0,0.1,0.3,0.3,22,2,8,26.9124,75.7873,0.0
27.4,86,0.0,956.5,6.3,0.0,0.1,0.2,0.3,23,2,8,26.9124,75.7873,0.0
26.8,89,0.0,956.2,4.3,0.0,0.0,0.1,0.3,0,3,8,26.9124,75.7873,0.0
26.9,88,0.0,955.7,6.1,0.0,0.0,0.1,0.3,1,3,8,26.9124,75.7873,0.0
27.5,77,0.0,955.4,10.5,0.0,0.0,0.1,0.3,2,3,8,26.9124,75.7873,0.0
27.3,75,0.0,955.2,11.6,0.0,0.0,0.1,0.3,3,3,8,26.9124,75.7873,0.0
26.9,77,0.0,955.2,13.2,0.0,0.0,0.1,0.3,4,3,8,26.9124,75.7873,0.0
27.1,78,0.0,955.7,15.5,0.0,0.0,0.1,0.3,5,3,8,26.9124,75.7873,0.0
26.8,78,0.0,956.0,15.7,0.0,0.0,0.0,0.3,6,3,8,26.9124,75.7873,0.0
27.1,77,0.0,956.4,16.9,0.0,0.0,0.0,0.3,7,3,8,26.9124,75.7873,0.0
28.1,74,0.0,956.7,16.7,0.0,0.0,0.0,0.3,8,3,8,26.9124,75.7873,0.0
29.1,72,0.0,957.3,15.8,0.0,0.0,0.0,0.3,9,3,8,26.9124,75.7873,0.0
30.6,67,0.0,957.6,15.5,0.0,0.0,0.0,0.3,10,3,8,26.9124,75.7873,0.0
31.9,60,0.0,957.3,14.2,0.0,0.0,0.0,0.2,11,3,8,26.9124,75.7873,0.0
32.6,56,0.0,957.0,12.0,0.0,0.0,0.0,0.1,12,3,8,26.9124,75.7873,0.0
32.8,54,0.0,956.3,10.2,0.0,0.0,0.0,0.1,13,3,8,26.9124,75.7873,0.0
32.6,54,0.0,955.7,7.9,0.0,0.0,0.0,0.1,14,3,8,26.9124,75.7873,0.0
32.5,55,0.0,955.0,6.0,0.0,0.0,0.0,0.1,15,3,8,26.9124,75.7873,0.0
32.3,56,0.0,954.5,6.7,0.0,0.0,0.0,0.1,16,3,8,26.9124,75.7873,0.0
32.7,54,0.0,954.3,6.2,0.0,0.0,0.0,0.1,17,3,8,26.9124,75.7873,0.0
30.8,63,0.0,954.3,4.2,0.0,0.0,0.0,0.0,18,3,8,26.9124,75.7873,0.0
29.5,68,0.0,954.6,6.3,0.0,0.0,0.0,0.0,19,3,8,26.9124,75.7873,0.0
29.0,69,0.0,955.3,8.5,0.0,0.0,0.0,0.0,20,3,8,26.9124,75.7873,0.0
28.7,70,0.0,956.1,8.4,0.0,0.0,0.0,0.0,21,3,8,26.9124,75.7873,0.0
28.2,73,0.0,956.5,8.9,0.0,0.0,0.0,0.0,22,3,8,26.9124,75.7873,0.0
28.2,75,0.0,956.2,11.0,0.0,0.0,0.0,0.0,23,3,8,26.9124,75.7873,0.0
27.9,76,0.0,956.3,12.7,0.0,0.0,0.0,0.0,0,4,8,26.9124,75.7873,0.0
27.6,76,0.0,956.0,14.4,0.0,0.0,0.0,0.0,1,4,8,26.9124,75.7873,0.0
27.1,76,0.0,955.5,15.3,0.0,0.0,0.0,0.0,2,4,8,26.9124,75.7873,0.0
26.5,76,0.0,955.2,15.1,0.0,0.0,0.0,0.0,3,4,8,26.9124,75.7873,0.0
26.0,76,0.0,955.1,14.4,0.0,0.0,0.0,0.0,4,4,8,26.9124,75.7873,0.0
26.2,79,0.0,955.3,15.9,0.0,0.0,0.0,0.0,5,4,8,26.9124,75.7873,0.0
26.0,80,0.0,956.0,15.5,0.0,0.0,0.0,0.0,6,4,8,26.9124,75.7873,0.0
26.6,77,0.0,956.7,15.6,0.0,0.0,0.0,0.0,7,4,8,26.9124,75.7873,0.0
27.8,74,0.0,956.9,15.7,0.0,0.0,0.0,0.0,8,4,8,26.9124,75.7873,0.0
28.9,70,0.0,957.4,14.7,0.0,0.0,0.0,0.0,9,4,8,26.9124,75.7873,0.0
30.1,67,0.0,957.6,14.0,0.0,0.0,0.0,0.0,10,4,8,26.9124,75.7873,0.0
31.4,62,0.0,957.4,13.2,0.0,0.0,0.0,0.0,11,4,8,26.9124,75.7873,0.0
32.2,58,0.0,957.0,10.2,0.0,0.0,0.0,0.0,12,4,8,26.9124,75.7873,0.1
32.4,57,0.1,956.3,10.0,0.1,0.1,0.1,0.1,13,4,8,26.9124,75.7873,0.1
32.5,56,0.1,955.6,9.6,0.2,0.2,0.2,0.2,14,4,8,26.9124,75.7873,0.1
32.6,56,0.1,955.0,9.3,0.3,0.3,0.3,0.3,15,4,8,26.9124,75.7873,0.0
32.4,57,0.0,954.5,10.7,0.2,0.3,0.3,0.3,16,4,8,26.9124,75.7873,0.0
32.0,60,0.0,954.2,9.3,0.1,0.3,0.3,0.3,17,4,8,26.9124,75.7873,0.0
30.8,67,0.0,954.6,6.3,0.0,0.3,0.3,0.3,18,4,8,26.9124,75.7873,0.0
29.5,73,0.0,954.8,6.2,0.0,0.2,0.3,0.3,19,4,8,26.9124,75.7873,0.0
28.8,76,0.0,955.5,8.4,0.0,0.1,0.3,0.3,20,4,8,26.9124,75.7873,0.0
28.4,76,0.0,956.3,10.2,0.0,0.0,0.3,0.3,21,4,8,26.9124,75.7873,0.0
28.1,76,0.0,956.6,11.2,0.0,0.0,0.3,0.3,22,4,8,26.9124,75.7873,0.0
27.9,77,0.0,956.2,12.3,0.0,0.0,0.3,0.3,23,4,8,26.9124,75.7873,0.0
27.4,77,0.0,956.1,11.7,0.0,0.0,0.3,0.3,0,5,8,26.9124,75.7873,0.0
26.9,77,0.0,955.8,12.8,0.0,0.0,0.2,0.3,1,5,8,26.9124,75.7873,0.0
26.3,77,0.0,955.5,13.0,0.0,0.0,0.1,0.3,2,5,8,26.9124,75.7873,0.0
25.7,78,0.0,955.2,11.5,0.0,0.0,0.0,0.3,3,5,8,26.9124,75.7873,0.0
25.2,79,0.0,955.3,11.4,0.0,0.0,0.0,0.3,4,5,8,26.9124,75.7873,0.0
25.3,81,0.0,955.1,13.4,0.0,0.0,0.0,0.3,5,5,8,26.9124,75.7873,0.0
25.1,82,0.0,955.9,12.4,0.0,0.0,0.0,0.3,6,5,8,26.9124,75.7873,0.0
25.9,80,0.0,956.4,10.7,0.0,0.0,0.0,0.3,7,5,8,26.9124,75.7873,0.0
27.0,75,0.0,956.9,13.3,0.0,0.0,0.0,0.3,8,5,8,26.9124,75.7873,0.0
28.1,72,0.0,957.4,13.0,0.0,0.0,0.0,0.3,9,5,8,26.9124,75.7873,0.0
29.3,67,0.0,957.7,13.0,0.0,0.0,0.0,0.3,10,5,8,26.9124,75.7873,0.0
30.7,61,0.0,957.7,12.0,0.0,0.0,0.0,0.3,11,5,8,26.9124,75.7873,0.0
31.2,59,0.0,957.2,11.8,0.0,0.0,0.0,0.3,12,5,8,26.9124,75.7873,0.0
31.8,55,0.0,956.4,12.0,0.0,0.0,0.0,0.2,13,5,8,26.9124,75.7873,0.0
32.0,54,0.0,955.4,12.0,0.0,0.0,0.0,0.1,14,5,8,26.9124,75.7873,0.0
32.0,53,0.0,954.7,11.8,0.0,0.0,0.0,0.0,15,5,8,26.9124,75.7873,0.0
31.7,55,0.0,954.2,11.3,0.0,0.0,0.0,0.0,16,5,8,26.9124,75.7873,0.0
31.2,60,0.0,954.3,10.3,0.0,0.0,0.0,0.0,17,5,8,26.9124,75.7873,0.0
29.9,66,0.0,954.3,8.3,0.0,0.0,0.0,0.0,18,5,8,26.9124,75.7873,0.0
28.8,70,0.0,954.5,8.9,0.0,0.0,0.0,0.0,19,5,8,26.9124,75.7873,0.0
28.2,72,0.0,955.4,8.5,0.0,0.0,0.0,0.0,20,5,8,26.9124,75.7873,0.0
27.8,73,0.0,956.2,10.4,0.0,0.0,0.0,0.0,21,5,8,26.9124,75.7873,0.0
27.3,74,0.0,956.2,10.5,0.0,0.0,0.0,0.0,22,5,8,26.9124,75.7873,0.0
27.2,74,0.0,955.6,11.7,0.0,0.0,0.0,0.0,23,5,8,26.9124,75.7873,0.0
26.7,75,0.0,955.5,12.1,0.0,0.0,0.0,0.0,0,6,8,26.9124,75.7873,0.0
26.3,75,0.0,955.2,11.9,0.0,0.0,0.0,0.0,1,6,8,26.9124,75.7873,0.0
25.7,76,0.0,954.7,11.0,0.0,0.0,0.0,0.0,2,6,8,26.9124,75.7873,0.0
25.4,77,0.0,954.7,10.4,0.0,0.0,0.0,0.0,3,6,8,26.9124,75.7873,0.0
25.0,79,0.0,954.8,10.1,0.0,0.0,0.0,0.0,4,6,8,26.9124,75.7873,0.0
24.9,79,0.0,954.9,11.9,0.0,0.0,0.0,0.0,5,6,8,26.9124,75.7873,0.0
24.8,80,0.0,955.8,11.0,0.0,0.0,0.0,0.0,6,6,8,26.9124,75.7873,0.0
25.6,78,0.0,956.5,10.1,0.0,0.0,0.0,0.0,7,6,8,26.9124,75.7873,0.0
26.7,74,0.0,957.0,13.1,0.0,0.0,0.0,0.0,8,6,8,26.9124,75.7873,0.0
27.9,70,0.0,957.4,13.2,0.0,0.0,0.0,0.0,9,6,8,26.9124,75.7873,0.0
29.2,65,0.0,957.7,12.1,0.0,0.0,0.0,0.0,10,6,8,26.9124,75.7873,0.0
30.5,59,0.0,957.7,11.4,0.0,0.0,0.0,0.0,11,6,8,26.9124,75.7873,0.0
31.2,56,0.0,957.6,9.4,0.0,0.0,0.0,0.0,12,6,8,26.9124,75.7873,0.0
31.5,54,0.0,957.1,8.0,0.0,0.0,0.0,0.0,13,6,8,26.9124,75.7873,0.0
31.3,55,0.0,956.4,7.8,0.0,0.0,0.0,0.0,14,6,8,26.9124,75.7873,0.0
31.1,57,0.0,956.0,9.4,0.0,0.0,0.0,0.0,15,6,8,26.9124,75.7873,0.0
30.7,57,0.0,955.8,11.1,0.0,0.0,0.0,0.0,16,6,8,26.9124,75.7873,0.0
30.1,58,0.0,955.4,12.9,0.0,0.0,0.0,0.0,17,6,8,26.9124,75.7873,0.0
29.0,63,0.0,955.7,9.1,0.0,0.0,0.0,0.0,18,6,8,26.9124,75.7873,0.0
28.1,67,0.0,955.9,8.6,0.0,0.0,0.0,0.0,19,6,8,26.9124,75.7873,0.0
27.6,70,0.0,956.5,9.4,0.0,0.0,0.0,0.0,20,6,8,26.9124,75.7873,0.0
27.4,69,0.0,957.3,11.1,0.0,0.0,0.0,0.0,21,6,8,26.9124,75.7873,0.0
26.8,71,0.0,957.3,10.1,0.0,0.0,0.0,0.0,22,6,8,26.9124,75.7873,0.0
26.8,73,0.0,956.8,10.4,0.0,0.0,0.0,0.0,23,6,8,26.9124,75.7873,0.0
26.4,73,0.0,956.6,12.8,0.0,0.0,0.0,0.0,0,0,8,26.9124,75.7873,0.0
25.9,72,0.0,956.4,12.8,0.0,0.0,0.0,0.0,1,0,8,26.9124,75.7873,0.0
25.4,73,0.0,956.0,11.9,0.0,0.0,0.0,0.0,2,0,8,26.9124,75.7873,0.0
25.0,74,0.0,956.1,10.4,0.0,0.0,0.0,0.0,3,0,8,26.9124,75.7873,0.0
24.6,75,0.0,956.4,10.5,0.0,0.0,0.0,0.0,4,0,8,26.9124,75.7873,0.0
25.1,74,0.0,956.6,12.9,0.0,0.0,0.0,0.0,5,0,8,26.9124,75.7873,0.0
24.9,75,0.0,957.1,12.4,0.0,0.0,0.0,0.0,6,0,8,26.9124,75.7873,0.0
25.5,74,0.0,957.4,10.9,0.0,0.0,0.0,0.0,7,0,8,26.9124,75.7873,0.0
26.4,70,0.0,958.0,13.5,0.0,0.0,0.0,0.0,8,0,8,26.9124,75.7873,0.0
27.5,68,0.0,958.2,12.8,0.0,0.0,0.0,0.0,9,0,8,26.9124,75.7873,0.0
28.5,65,0.0,958.3,12.1,0.0,0.0,0.0,0.0,10,0,8,26.9124,75.7873,0.0
29.7,60,0.0,958.2,11.4,0.0,0.0,0.0,0.0,11,0,8,26.9124,75.7873,0.0
30.3,57,0.0,957.9,9.2,0.0,0.0,0.0,0.0,12,0,8,26.9124,75.7873,0.0
31.4,52,0.0,957.0,7.9,0.0,0.0,0.0,0.0,13,0,8,26.9124,75.7873,0.0
31.8,50,0.0,956.1,8.4,0.0,0.0,0.0,0.0,14,0,8,26.9124,75.7873,0.0
31.9,49,0.0,955.5,10.0,0.0,0.0,0.0,0.0,15,0,8,26.9124,75.7873,0.0
31.5,50,0.0,954.9,9.9,0.0,0.0,0.0,0.0,16,0,8,26.9124,75.7873,0.0
31.2,51,0.0,954.8,12.3,0.0,0.0,0.0,0.0,17,0,8,26.9124,75.7873,0.0
29.8,58,0.0,955.1,9.4,0.0,0.0,0.0,0.0,18,0,8,26.9124,75.7873,0.0
28.5,65,0.0,955.6,5.0,0.0,0.0,0.0,0.0,19,0,8,26.9124,75.7873,0.0
27.9,68,0.0,956.3,7.4,0.0,0.0,0.0,0.0,20,0,8,26.9124,75.7873,0.0
27.9,66,0.0,957.0,10.8,0.0,0.0,0.0,0.0,21,0,8,26.9124,75.7873,0.0
27.3,68,0.0,957.0,8.8,0.0,0.0,0.0,0.0,22,0,8,26.9124,75.7873,0.0
